Country,Geographical,Income Group,Project name_WB,Project name_common,Sector,SubSector,Segment,Crossborder,Reason for delay,Investment Size,Project Banks,Delayed Extent,Updated Date,FC Year,FC Year reason,Status,Affected Stage,Type of PPP,URLs,Resumed,Resume URL,location,Latitude,Longitude
Indonesia,East Asia and Pacific,High income,Jakarta Bandung High-Speed Railway,N/A,Transport,Railways,Regional Passenger,No,travel limit and shipping disruption,,,,April,2017,https://www.thejakartapost.com/news/2017/01/20/wika-to-sign-contract-for-highspeed-railway-next-week.html,delayed,Delay in Construction,Greenfield,https://www.railway-technology.com/news/indonesia-high-speed-railway-project-delayed/,Resumed,https://constructionreviewonline.com/2020/04/construction-of-jakarta-bandung-high-speed-railway-resumes/,City,-6.2088,106.8456
Zimbabwe,Sub-Saharan Africa,Low income,Hwange Thermal Power Station Expansion,N/A,Energy,Electricity,Electricity generation,No,travel limit and shipping disruption,,,,April,2018,https://www.esi-africa.com/industry-sectors/renewable-energy/zimbabwe-hwange-thermal-power-station-to-reach-financial-close/,delayed,Delay in Construction,Brownfield,https://www.theindependent.co.zw/2020/04/10/covid-19-derails-us14bn-worth-zim-china-projects/,Resumed,https://www.afrik21.africa/en/zimbabwe-solgas-energy-to-commission-its-solar-power-plant-in-hwange-in-august/,Exact Location,-18.382413,26.470805
Zimbabwe,Sub-Saharan Africa,Low income,Robert Mugabe International Airport expansion,N/A,Transport,Airports,Runway and terminal,No,travel limit and shipping disruption,,,,April,N/A,,delayed,Delay in Construction,Brownfield,https://www.theindependent.co.zw/2020/04/10/covid-19-derails-us14bn-worth-zim-china-projects/,Resumed,https://www.herald.co.zw/us153m-airport-expansion-on-course/,Exact Location,-17.918631,31.097258
Zimbabwe,Sub-Saharan Africa,Low income,NetOne expansion,N/A,ICT,ICT backbone,Other,No,travel limit and shipping disruption,,,,April,N/A,,delayed,Delay in Construction,Brownfield,https://www.theindependent.co.zw/2020/04/10/covid-19-derails-us14bn-worth-zim-china-projects/,N/A,N/A,City,-19.0154,29.1549
Pakistan,South Asia,Low income,Thar Block 2 power plant,Thar Engro Coal Power Project,Energy,Electricity,Electricity generation,Yes,travel limit and shipping disruption,,,,April,2019,https://mettisglobal.news/ppib-allows-extensions-in-financial-close-dates-of-2-thar-coal-power-projects,delayed,N/A,Greenfield,https://www.eco-business.com/news/the-shadow-of-the-coronavirus-on-pakistan/,N/A,N/A,Exact Location,24.775287,70.397565
Kenya,Sub-Saharan Africa,Upper middle income,Kisii-Ahero-Isebania road project,N/A,Transport,Roads,Highway,No,Non-availability of labourers due to Lockdown measure,,,,April,N/A,,delayed,Delay in Construction,Brownfield,https://www.the-star.co.ke/business/kenya/2020-04-16-multi--billion-road-projects-take-a-hit-as-workers-stay-home/,N/A,N/A,City,-0.1744,34.9203
Kenya,Sub-Saharan Africa,Upper middle income,Sh160 billion 87km Nairobi-Mau Summit road,Nairobi-Makuru-Mau Summit Highway,Transport,Roads,Highway,No,Non-availability of labourers due to Lockdown measure,,,,April,expected 2021,https://www.khl.com/international-construction/billion-dollar-ppp-kenyan-highway-for-vinci/146328.article,delayed,N/A,Brownfield,https://www.the-star.co.ke/business/kenya/2020-04-16-multi--billion-road-projects-take-a-hit-as-workers-stay-home/,N/A,N/A,City,-1.0314,36.8681
Kenya,Sub-Saharan Africa,Upper middle income,Sh62 billion JKIA-Westlands Expressway,JKIA-Westlands Highway,Transport,Roads,Highway,No,Non-availability of labourers due to Lockdown measure,,,,April,N/A,,delayed,Delay in Construction,Brownfield,https://www.msn.com/en-xl/news/other/multi-billion-road-projects-take-a-hit-as-workers-stay-home/ar-BB12HJaK,N/A,N/A,Exact Location,-1.322828,36.925994
Indonesia,East Asia and Pacific,High income,Bangko Tengah PLTU (SS-8),Bangko Tengah (SS-8) Power Station / South Sumatra 8,Energy,Electricity,Electricity generation,No,travel limit and shipping disruption,,,,April,2014,https://www.gem.wiki/Bangko_Tengah_(SS-8)_power_station,delayed,Delay in Construction,Greenfield,https://industri.kontan.co.id/news/jadwal-operasional-pembangkit-terganggu-wabah-corona-ini-tanggapan-pln?page=all,N/A,N/A,Exact Location,-3.758138,103.792385
Indonesia,East Asia and Pacific,High income,Kalbar-1 PLTU,N/A,Energy,Electricity,Electricity generation,No,travel limit and shipping disruption,,,,April,2017,https://pontianak.tribunnews.com/2018/08/01/proyek-pltu-kalbar-1-baru-35-persen,delayed,Delay in Construction,Greenfield,https://ekonomi.bisnis.com/read/20200803/44/1274372/vid-covid-tujuh-proyek-pembangkit-listrik-berkapasitas-6.510-mw-bakal-molor-nih,N/A,N/A,Exact Location,0.816593,108.845997
Indonesia,East Asia and Pacific,High income,Nagan Raya PLTU,N/A,Energy,Electricity,Electricity generation,No,travel limit and shipping disruption,,,,April,N/A,,delayed,Delay in Construction,Greenfield,https://www.cnnindonesia.com/ekonomi/20200326073609-85-486915/investasi-pltu-berpotensi-rugi-rp209-t-gara-gara-corona,N/A,N/A,Exact Location,4.107813,96.197848
Myanmar,East Asia and Pacific,Low income,350MW LNG power plant in Thanlyin in Yangon,Myanmar Thanlyin LNG-to-Power project,Energy,Electricity,Electricity generation,No,travel limit and shipping disruption,,,,April,N/A,,delayed,N/A,Greenfield,https://frontiermyanmar.net/en/chinese-consortium-may-avoid-fines-despite-missing-emergency-power-deadline,Resumed,https://www.gastopowerjournal.com/markets/item/11078-lng-supply-to-chinese-built-power-plant-in-myanmar-now-in-full-swing,Exact Location,16.702414,96.33144
Myanmar,East Asia and Pacific,Low income,400-MW LNG power plant in Thaketa in Yangon,N/A,Energy,Electricity,Electricity generation,No,travel limit and shipping disruption,,,,April,N/A,,delayed,N/A,Greenfield,https://frontiermyanmar.net/en/chinese-consortium-may-avoid-fines-despite-missing-emergency-power-deadline,Resumed,https://www.frontiermyanmar.net/en/delayed-lng-projects-set-to-deliver-first-power-as-govt-approves-contract/,Exact Location,16.816251,96.224847
Myanmar,East Asia and Pacific,Low income,150-MW LNG power plant in Kyaukphyu in Rakhine State,N/A,Energy,Electricity,Electricity generation,No,travel limit and shipping disruption,,,,April,N/A,,delayed,N/A,Greenfield,https://frontiermyanmar.net/en/chinese-consortium-may-avoid-fines-despite-missing-emergency-power-deadline,Resumed,https://oglinks.news/myanmar/news/power-plants-delayed-covid-19-start-operating-coming-months,Exact Location,19.402601,93.500406
Lao PDR,East Asia and Pacific,Upper middle income,Laos-China Railway,N/A,Transport,Railways,Regional Passenger,Yes,travel limit and shipping disruption,,,,April,2019,World Bank DB,delayed,Delay in Construction,Greenfield,https://www.rfa.org/english/news/laos/lao-china-railway-04072020150320.html,Resumed,https://www.globaltimes.cn/content/1186717.shtml,City,19.8563,102.4955
Indonesia,East Asia and Pacific,High income,Cirebon 2,N/A,Energy,Electricity,Electricity generation,No,travel limit and shipping disruption,,,,April,2017,World Bank DB,delayed,Delay in Construction,Brownfield,https://www.thejakartapost.com/news/2020/03/27/coal-plant-project-delays-might-cost-developers-13-1-billion-report.html,N/A,N/A,Exact Location,-6.774621,108.631829
Mozambique,Sub-Saharan Africa,Low income,China's CNPC LNG project,Rovuma LNG Project,Energy,Electricity,Electricity generation,No,Transmission line delayed,,,,April,N/A,,delayed,Delay in financial investment decision,Greenfield,https://www.clbrief.com/chinas-cnpc-natural-gas-project-in-mozambique-delayed/,N/A,N/A,Exact Location,-11.150213,37.892078
Bangladesh,South Asia,High income,"1,250MW Payra coal-fired plant project in Patuakhali",Payra Power Station,Energy,Electricity,Electricity generation,No,travel limit and shipping disruption,,,,February,2020,https://tbsnews.net/bangladesh/964m-financial-closure-payra-ports-capital-dredging-feb-39383,delayed,Delay in Commisioning,Greenfield,https://tbsnews.net/bangladesh/infrastructure/coronavirus-stalls-payra-plant-commissioning-42067,N/A,N/A,Exact Location,21.994118,90.304947
Nepal,South Asia,Low income,Pokhara Regional International Airport,N/A,Transport,Airports,Runway and terminal,No,Transmission line delayed,,,,February,N/A,,delayed,Delay in Construction,Greenfield,https://www.airport-technology.com/news/airport-construction-nepal-delay/,N/A,N/A,Exact Location,28.185209,84.014746
Bangladesh,South Asia,High income,Padma Multipurpose Bridge,N/A,Transport,Roads,Other,No,Transmission line delayed,,,,February,2012,https://projects.worldbank.org/en/projects-operations/project-detail/P111017?lang=en&tab=procurement,delayed,Delay in Construction,Greenfield,https://thefinancialexpress.com.bd/trade/coronavirus-outbreak-construction-of-padma-bridge-impeded-1583122117,Once Resumed but Delayed again,https://www.globaltimes.cn/content/1190037.shtml,Exact Location,23.436809,90.262858
Costa Rica,Latin America and the Caribbean,High income,San Carlos road,National Primary Route 35 of Costa Rica,Transport,Roads,Highway,No,travel limit and shipping disruption,,,,May,N/A,,delayed,Delay in Construction,Greenfield,https://www.worldhighways.com/wh8/news/costa-rica-construction-contracts,N/A,N/A,City,10.0159,-84.2142
Indonesia,East Asia and Pacific,High income,Java 7 PLTU,N/A,Energy,Electricity,Electricity generation,No,travel limit and shipping disruption,,,,April,2016,,delayed,Delay in Construction,Greenfield,https://ekonomi.bisnis.com/read/20200326/44/1218068/virus-corona-bikin-repot-eksekusi-proyek-pltu-us131-miliar-tertunda,N/A,N/A,Exact Location,-5.9916943,106.1008005
Indonesia,East Asia and Pacific,High income,Kalselteng-1,N/A,Energy,Electricity,Electricity generation,No,travel limit and shipping disruption,,,,April,2016,,delayed,Delay in Construction,Greenfield,https://ekonomi.bisnis.com/read/20200326/44/1218068/virus-corona-bikin-repot-eksekusi-proyek-pltu-us131-miliar-tertunda,N/A,N/A,Exact Location,-1.3715251,113.5613777
Indonesia,East Asia and Pacific,High income,Sulbagut 1 PLTU,N/A,Energy,Electricity,Electricity generation,No,travel limit and shipping disruption,,,,April,2018,,delayed,Delay in Construction,Greenfield,http://www.tobabara.com/en/news/proyek-pltu-toba-bara-sejahtra-toba-teken-financial-close-sulbagut-1/,N/A,N/A,Exact Location,0.9426981,122.9415754
Montenegro,Europe and Central Asia,Low income,Bar-Boljare(Belgrade) motorway (A-1 motorway),Belgrade-Bar railway,Transport,Roads,Highway,No,travel limit and shipping disruption,,,,May,2017,,delayed,Delay in Construction,Greenfield,https://balkaninsight.com/2020/09/30/montenegro-forced-to-extend-deadline-for-chinese-to-finish-highway/,Resumed,https://seenews.com/news/chinas-crbc-to-complete-bridge-construction-project-in-montenegro-by-end-2020-722393,Exact Location,42.971927,19.602034
Indonesia,East Asia and Pacific,High income,Sulbagut 3 PLTU,N/A,Energy,Electricity,Electricity generation,No,travel limit and shipping disruption,,,,April,N/A,,delayed,Delay in Construction,Greenfield,https://industri.kontan.co.id/news/bangun-pltu-di-minahasa-toba-bara-toba-kantongi-pinjaman-bank-us-1579-juta,N/A,N/A,City,0.8687014,123.9643104
Afghanistan,South Asia,Low income,178 km road of Yakawlang road,Dar-i-Suf to Yakawlang (178 Km) Road,Transport,Roads,Highway,No,travel limit and shipping disruption,,,,June,2017,,delayed,Delay in Construction,Greenfield,http://www.afghanistantimes.af/construction-projects-stagnate-in-bamyan-amid-covid-19/,N/A,N/A,City,34.737826,66.858637
Kazakhstan,Europe and Central Asia,Upper middle income,50MW Kostanay Wind Farm,N/A,Energy,Electricity,Electricity generation,No,travel limit and shipping disruption,,,,May,N/A,,delayed,Delay in Construction,Greenfield,https://www.ichongqing.info/2020/05/27/chinas-production-resumption-drives-belt-and-road-cooperation-fuels-global-growth/,Resumed,N/A,City,53.211126,63.599846
Ghana,Sub-Saharan Africa,High income,Pokuase Interchange,N/A,Transport,Roads,Highway,No,travel limit and shipping disruption,,,,July,2016,,delayed,Delay in Construction,Greenfield,https://www.modernghana.com/news/1015290/covid-19-delays-completion-of-pokuase-interchange.html,Resumed,https://www.ghanabusinessnews.com/2020/11/20/obetsebi-lamptey-pokuase-interchanges-will-open-from-november-25-minister/,Exact Location,5.688709,-0.275056
Sri Lanka,South Asia,Low income,Sri Lanka waste-to-energy power plant in Colombo,"KCHT Power Station
Colombo South Waste Processing Facility
Karadiyana W2E Project
Karadiyana Power Station",Energy,Electricity,Electricity generation,No,travel limit and shipping disruption,,,,June,2018,,delayed,Delay in Construction,Greenfield,https://economynext.com/sri-lanka-waste-to-energy-power-plant-delayed-by-covid-19-travel-curbs-70837/,N/A,N/A,City,6.933421,79.847276
India,South Asia,High income,Bangalore Metro Rail,Bangalore Metro Rail Phase II - Namma Metro to Anjanapura,Transport,Railways,Regional Passenger,No,travel limit and shipping disruption,,,,March,N/A,,delayed,Delay in Construction,Greenfield,https://www.thehindu.com/news/cities/bangalore/bmrcl-misses-deadline/article32975347.ece,Resumed,N/A,City,12.953985,77.59196
Indonesia,East Asia and Pacific,High income,Kuningan East Ring Road in West Java,N/A,Transport,Roads,Highway,No,Gov't Budget Reallocation / Regulatory Changes,,,,April,N/A,,delayed,Delay in financial investment decision,Greenfield,https://www.thejakartapost.com/news/2020/04/23/covid-19-crisis-delays-several-infrastructure-projects.html,N/A,N/A,City,-6.980115,108.486917
Indonesia,East Asia and Pacific,High income,Brebes Ring Road in Central Java,N/A,Transport,Roads,Highway,No,Gov't Budget Reallocation / Regulatory Changes,,,,April,N/A,,delayed,Delay in financial investment decision,Greenfield,https://www.thejakartapost.com/news/2020/04/23/covid-19-crisis-delays-several-infrastructure-projects.html,N/A,N/A,City,-6.896362,108.903967
Zambia,Sub-Saharan Africa,Low income,Batoka Gorge hydroelectric project,Batoka Gorge Hydroelectric Power Station,Energy,Electricity,Electricity generation,Yes,N/A,,,,May,2018,,delayed,Delay in pre-development activities,Greenfield,https://southerntimesafrica.com/site/news/batoka-project-to-start-in-2021,Resumed,https://southerntimesafrica.com/site/news/batoka-project-to-start-in-2021,Exact Location,-17.919467,26.130919
Zimbabwe,Sub-Saharan Africa,Low income,Centrale thermique de Lome,ContourGlobal Togo 100 MW power plant,Energy,Electricity,Electricity generation,No,travel limit and shipping disruption,,,,March,2008,,delayed,Delay in Construction,Greenfield,https://www.agenceecofin.com/centrale/0603-74551-zimbabwe-le-coronavirus-ralentira-les-travaux-de-rehabilitation-de-la-centrale-de-hwange,N/A,N/A,City,-19.397058,29.994444
Nigeria,Sub-Saharan Africa,Low income,Lagos - Ibadan 150km railroad project,N/A,Transport,Railways,Regional Passenger,No,travel limit and shipping disruption,,,,March,2018,,delayed,Delay in Construction,Greenfield,https://www.railway-technology.com/news/completion-of-1-5bn-nigeria-project-delays-due-to-covid-19-outbreak/,Resumed,https://www.bbc.com/pidgin/tori-53866767,Exact Location,6.923809,3.636348
Bangladesh,South Asia,High income,Rahanpur to Monakasha Border 400kV Transmission Line,N/A,Energy,Electricity,Electricity transmission,Yes,Travel limit and shipping disruption,,,,May,N/A,,delayed,Delay in Construction,Greenfield,https://www.dhakatribune.com/bangladesh/power-energy/2020/05/12/ongoing-power-transmission-projects-hit-snag-for-corona-shutdown,N/A,N/A,City,25.754144,89.259666
Bangladesh,South Asia,High income,Southwest Transmission Grid Expansion Project,N/A,Energy,Electricity,Electricity generation and transmission,No,Travel limit and shipping disruption,,,,May,2018,,delayed,Delay in Construction,Greenfield,https://www.dhakatribune.com/bangladesh/power-energy/2020/05/12/ongoing-power-transmission-projects-hit-snag-for-corona-shutdown,N/A,N/A,City,23.004098,89.830551
Bangladesh,South Asia,High income,500 MW HVDC Back-to-Back Station at Comilla North,"500 MW HVDC Back-to-Back Station at Cumilla North (Bangladesh) for Transfer of Power through Surjamaninagar (Tripura, India) - Comilla North (Bangladesh)",Energy,Electricity,Electricity transmission,No,Travel limit and shipping disruption,,,,May,2017,,delayed,Delay in Construction,Greenfield,https://www.dhakatribune.com/bangladesh/power-energy/2020/05/12/ongoing-power-transmission-projects-hit-snag-for-corona-shutdown,N/A,N/A,City,23.473841,91.176272
Bangladesh,South Asia,High income,Bheramara (Bangladesh)-Baharampur (India) 2nd 400kV Transmission Line,N/A,Energy,Electricity,Electricity transmission,Yes,Travel limit and shipping disruption,,,,May,2017,,delayed,Delay in Construction,Greenfield,https://www.dhakatribune.com/bangladesh/power-energy/2020/05/12/ongoing-power-transmission-projects-hit-snag-for-corona-shutdown,N/A,N/A,City,24.062484,89.00554
Bangladesh,South Asia,High income,Bakerganj-Barguna 132kV Transmission Line & Barguna 132/33kV Substation,N/A,Energy,Electricity,Electricity transmission,Yes,Travel limit and shipping disruption,,,,May,2017,,delayed,Delay in Construction,Greenfield,https://www.dhakatribune.com/bangladesh/power-energy/2020/05/12/ongoing-power-transmission-projects-hit-snag-for-corona-shutdown,N/A,N/A,City,22.159943,90.116901
Indonesia,East Asia and Pacific,High income,Abadi Onshore LNG Complex,N/A,Energy,Natural Gas,Other,No,Gov't Budget Reallocation / Regulatory Changes,,,,April,N/A,,delayed,Cost Review and Project Delivery Delay,Greenfield,"https://www.mentorimcgroup.com/2020/05/12/abadi-schedule-faces-delays-due-to-covid-concerns/
https://ijglobal.com/articles/147035/abadi-lng-faces-cost-review",,N/A,Exact Location,-9.082283,131.319732
"Egypt, Arab Rep.",Middle East and North Africa,High income,Benban Solar Energy Complex,BenBan solar park,Energy,Electricity,Electricity generation,No,N/A,,,,April,2018,,delayed,Delay in Construction,Greenfield,https://www.worldcement.com/africa-middle-east/21042020/globaldata-egypts-construction-energy-market-outlook-remains-positive-despite-covid-19-delays/,N/A,N/A,Exact Location,"24.4405209657229,",32.7416453
India,South Asia,High income,Malhar Road project,N/A,Transport,Roads,Highway,No,Non-availability of labourers due to Lockdown measure,,,,April,N/A,,delayed,Delay in Construction,Greenfield,https://economictimes.indiatimes.com/small-biz/productline/building-materials/ludhiana-smart-city-projects-hit-roadblock-thanks-to-covid-19/articleshow/75118864.cms,N/A,N/A,City,30.91299296,75.85083435
Colombia,Latin America and the Caribbean,High income,La Linea Tunnel project,Centenario II Tunnel,Transport,Roads,Highway and tunnel,No,Non-availability of labourers due to Lockdown measure,,,,April,2019,,delayed,Delay in Construction,Greenfield,https://www.roadtraffic-technology.com/projects/la-linea-tunnel-project/,resumed,https://www.bnamericas.com/en/news/colombia-looks-to-resume-infra-works-despite-covid-19,City,4.851111646,-75.80021462
Colombia,Latin America and the Caribbean,High income,First metro line in Bogota,N/A,Transport,Railways,Local Passenger/Light rail,No,Tender Delayed,,,,April,2018,,delayed,Delay in receving proposal,Greenfield,https://ijglobal.com/articles/146779/metro-de-bogota-postponed-due-to-covid-19,N/A,N/A,City,4.694136155,-74.1146847842807
Indonesia,East Asia and Pacific,High income,Sokoria Geothermal Power Plant (PLTP),N/A,Energy,Electricity,Electricity generation,No,N/A,,,,April,2016,,delayed,Delay in Construction,Greenfield,https://www.thinkgeoenergy.com/covid-19-situation-delaying-renewable-energy-development-in-indonesia/,N/A,N/A,Exact Location,-8.793663653,121.7662345
India,South Asia,High income,Chardham all-weather road project,N/A,Transport,Roads,Highway,Yes,Non-availability of labourers due to Lockdown measure,,,6month,April,N/A,,delayed,Delay in Construction,Greenfield,https://economictimes.indiatimes.com/news/economy/infrastructure/covid-19-chardham-all-weather-road-project-to-be-delayed-due-to-lockdown/articleshow/75176701.cms,N/A,N/A,City,30.99569059,78.46110003
"Macedonia, FYR",Europe and Central Asia,Upper middle income,333MW Cebren hydropower project,N/A,Energy,Electricity,Electricity generation,No,Tender Delayed,,,,April,N/A,,delayed,Delay in Tender,Greenfield,https://ijglobal.com/articles/146907/north-macedonia-extends-hydro-deadline,N/A,N/A,City,41.67058374,21.70813535
Indonesia,East Asia and Pacific,High income,Tanjung Jati B,N/A,Energy,Electricity,Electricity generation,No,travel limit and shipping disruption,,,,April,2017,,delayed,Delay in Construction,Greenfield,https://www.cnnindonesia.com/ekonomi/20200326073609-85-486915/investasi-pltu-berpotensi-rugi-rp209-t-gara-gara-corona,N/A,N/A,Exact Location,-6.445358404,110.7391299
Indonesia,East Asia and Pacific,High income,Sumsel-1 PLTU,N/A,Energy,Electricity,Electricity generation,No,travel limit and shipping disruption,,,,April,2017,,delayed,Delay in Construction,Greenfield,https://www.cnnindonesia.com/ekonomi/20200326073609-85-486915/investasi-pltu-berpotensi-rugi-rp209-t-gara-gara-corona,N/A,N/A,Exact Location,-3.476963998,103.9957562
Myanmar,East Asia and Pacific,Low income,21MW Kyun Chaung gas power plant,N/A,Energy,Electricity,Electricity generation,No,travel limit and shipping disruption,,,,April,2019,,delayed,Delay in Commercial operation,Greenfield,https://www.mmtimes.com/news/magwe-gas-plant-starts-running-vpower-says.html,Resumed,https://www.irrawaddy.com/news/burma/myanmar-power-plants-delayed-covid-19-start-operating-coming-months.html,City,21.03260126,94.4178879
Indonesia,East Asia and Pacific,High income,Bengkulu PLTU,N/A,Energy,Electricity,Electricity distribution,No,travel limit and shipping disruption,,,,April,2017,,delayed,Delay in Construction,Greenfield,https://www.cnnindonesia.com/ekonomi/20200326073609-85-486915/investasi-pltu-berpotensi-rugi-rp209-t-gara-gara-corona,N/A,N/A,Exact Location,-3.911959105,102.2707254
Mauritania,Sub-Saharan Africa,Low income,Greater Tortue/Ahmeyim FLNG Project,N/A,Energy,Natural Gas,Electricity generation and transmission,No,travel limit and shipping disruption,,,12month,April,2018,,delayed,Delayed,Greenfield,https://www.fitchsolutions.com/corporates/oil-gas/covid-19-impact-mauritanias-greater-tortueahmeyim-flng-project-delayed-one-year-20-04-2020,N/A,N/A,City,19.53715453,-16.26008281
Colombia,Latin America and the Caribbean,High income,Toyo Tunnel,N/A,Transport,Roads,Highway and tunnel,No,N/A,,,,April,2015,,delayed,N/A,Greenfield,https://www.medellinherald.com/antioquia/infrastructure,Resumed,N/A,City,6.729458676,-76.00058492
India,South Asia,High income,Kochi Metro’s Thykoodam-Pettah corridor,N/A,Transport,Railways,Local Passenger/Light rail,No,Non-availability of labourers due to Lockdown measure,,,,March,2012,,delayed,Delay in construction,Greenfield,https://www.thehindu.com/news/cities/Kochi/metro-work-resumes/article31417634.ece,Resumed,https://www.thehindu.com/news/cities/Kochi/metro-work-resumes/article31417634.ece,City,9.957686736,76.32173352
Myanmar,East Asia and Pacific,Low income,380MW Manipur hydro project,N/A,Energy,Electricity,Electricity generation,No,N/A,,,,August,2004,,delayed,Delayed,Greenfield,https://www.mmtimes.com/news/myanmar-suspends-manipur-hydro-project-chin-state.html,N/A,N/A,City,24.83458787,93.87844411
China,East Asia and Pacific,High income,Deyang Water Project,N/A,Water and sewerage,Treatment plant,Portable water and sewerage treatment,No,N/A,,,,February,N/A,,delayed,Delay in Request For Qualification (RFQ) Process,Greenfield,https://ijglobal.com/articles/145461/coronavirus-causes-delay-for-china-water-ppp,Resumed,N/A,City,31.13706997,104.4003199
Vietnam,East Asia and Pacific,Low income,HCMC Saigon Metro line 1 (Ben Thanh – Suoi Tien),N/A,Transport,Railways,Local Passenger/Light rail,No,Travel limit and shipping disruption,,,,July,N/A,,delayed,Delay in Construction,Greenfield,https://e.vnexpress.net/news/business/economy/saigon-metro-faces-delay-as-experts-unable-to-enter-vietnam-4125365.html,Resumed,https://tuoitrenews.vn/news/society/20190212/new-hope-as-construction-of-ho-chi-minh-city-metro-resumes-after-tet/48896.html,City,10.77598811,106.6955318
Bulgaria,Europe and Central Asia,High income,Bulgaria’s Belene nuclear power plant,The Belene Nuclear Power Plant,Energy,Electricity,Electricity generation,No,Tender Delayed,,,,April,2008,https://www.power-technology.com/projects/belene-nuclear/,Delayed,Delay in Tender,Greenfield,https://www.intellinews.com/coronavirus-outbreak-to-delay-launch-of-bulgaria-s-belene-project-181811/,Resumed,https://www.reuters.com/article/bulgaria-nuclear-rosatom/update-1-rosatom-framatome-ge-team-up-for-bulgarian-nuclear-tender-idUSL8N2DV1KJ,City,42.521173,25.205306
Mexico,Latin America and the Caribbean,Low income,108MW Energía Sierra Juárez II wind farm,N/A,Energy,Electricity,Electricity generation,No,Tender Delayed,,,2month,April,N/A,,Delayed,Delay in Financial Close,Greenfield,https://ijglobal.com/articles/147056/closing-delayed-for-energ-a-sierra-ju-rez-ii-wind-farm,N/A,N/A,City,32.56439,-116.626032
Philippines,East Asia and Pacific,Low income,Dito Telecommunity broadband cell tower project,N/A,ICT,ICT backbone,Other,No,Non-availability of labourers due to Lockdown measure,,,,July,N/A,,Delayed,Delay in Commercial operation,Greenfield,https://www.philstar.com/business/2020/07/01/2024914/coronavirus-delays-dennis-uys-dito-launch,Resumed,https://business.inquirer.net/309069/aboitiz-deploys-small-cells-to-help-telcos-improve-signal-internet,City,12.380212,122.767331
Morocco,Middle East and North Africa,Low income,micro-liquefied natural gas (LNG) project TE-5 Hirst field,N/A,Energy,Natural Gas,Electricity generation,No,N/A,,,,April,N/A,,Delayed,N/A,Greenfield,https://www.offshore-energy.biz/sound-energy-may-delay-morocco-micro-lng-plans/,Resumed,https://www.offshore-energy.biz/sound-energy-garners-cash-to-pursue-moroccan-lng-project/,City,31.720471,-6.260171
China,East Asia and Pacific,High income,Jiangyin LNG terminal,Jiangyin LNG terminal,Energy,Natural Gas,Natural gas transmission,No,Financial strain,,,,July,N/A,,Delayed,Delay in Commercial operation,Greenfield,https://www.spglobal.com/platts/en/market-insights/latest-news/natural-gas/070720-analysis-chinas-new-lng-regas-projects-delayed-amid-covid-19-impact-financial-strain,N/A,N/A,Exact Location,31.932055,120.108718
India,South Asia,High income,Mumbai Pune Expressway Project,Mumbai Pune Expressway Missing Link Project,Transport,Roads,Highway,No,Financial strain(debt),,,,April,2020,https://www.deccanherald.com/business/irb-infra-achieves-rs-6610-cr-financial-closure-for-mumbai-pune-expressway-project-851117.html,Delayed,N/A,Expansion,https://ijglobal.com/articles/147116/indian-highways-developer-to-raise-debt,Resumed,"https://www.deccanherald.com/business/irb-infra-achieves-rs-6610-cr-financial-closure-for-mumbai-pune-expressway-project-851117.html
https://www.freepressjournal.in/mumbai/mumbai-pune-expressway-missing-link-project-deadline-extended",Exact Location,18.769654,73.404347
Chile,Latin America and the Caribbean,High income,50MW Estrella wind farm,N/A,Energy,Electricity,Electricity generation,No,N/A,,,,April,2019,https://www.opdenergy.com/en/2019/10/17/opdenergy-enters-wind-energy-business-with-the-construction-of-its-first-wind-farm-in-chile/,Delayed,Delay in Financial Close,Greenfield,https://ijglobal.com/articles/147125/closing-delayed-for-opdenergys-chilean-duo,Resumed,https://renews.biz/62451/spanish-developer-flush-for-154mw-chilean-green-duo/,City,37.6751,73.543
Sri Lanka,South Asia,Low income,Uma Oya hydroelectric power plant,Uma Oya Multipurpose Development Project,Energy,Electricity,Electricity generation,No,COVID19,,,,April,2008,https://www.newsfirst.lk/2019/04/19/uma-oya-project-in-its-final-phase-80-funded-by-sri-lanka/,Delayed,Delayed in Construction,Greenfield,"http://www.china.org.cn/world/Off_the_Wire/2020-04/29/content_75991315.htm
https://www.newsfirst.lk/2018/06/17/uma-oya-project-runs-into-further-delays/",Resumed,http://www.xinhuanet.com/english/2020-04/29/c_139018219.htm,City,7.055495,80.959869
Chile,Latin America and the Caribbean,High income,1.3GW Andes Renovables,N/A,Energy,Electricity,Electricity generation,No,N/A,,,,April,2020,https://www.rechargenews.com/transition/mainstream-secures-more-finance-for-1-8bn-wind-and-solar-giant-in-chile/2-1-894029,Delayed,Delay in Financial Close,Greenfield,https://ijglobal.com/articles/147153/bankers-expect-delay-in-huemul-financing,Resumed,https://renewablesnow.com/news/mainstream-starts-building-power-lines-for-630-mw-of-chilean-projects-698424/,City,37.6751,73.543
China,East Asia and Pacific,High income,Chaozhou LNG terminal,N/A,Energy,Natural Gas,Natural gas transmission,No,Financial strain,,,,July,N/A,,Delayed,Delay in Construction,Greenfield,"https://www.spglobal.com/platts/en/market-insights/latest-news/natural-gas/070720-analysis-chinas-new-lng-regas-projects-delayed-amid-covid-19-impact-financial-strain
https://www.argusmedia.com/en/news/2147507-capacity-expansion-delays-to-cap-chinas-lng-imports",N/A,N/A,Exact Location,23.576582,117.122439
India,South Asia,High income,Navi Mumbai International Airport,Mumbai International Airport,Transport,Airports,Regional Passenger,No,COVID19,,,,April,2020,https://economictimes.indiatimes.com/industry/transportation/airlines-/-aviation/sbi-takes-over-as-lead-financier-of-navi-mumbai-airport-project/articleshow/73720912.cms?from=mdr,Delayed,Delayed in Construction,Greenfield,"https://www.businessinsider.in/business/news/navi-mumbai-airport-construction-to-be-little-delayed-amid-coronavirus-pandemic/articleshow/75477515.cms
https://indiainfrahub.com/2020/aviation/a-story-of-airport-to-nowhere-is-navi-mumbai-airport-finally-ready-to-take-off/",Resumed,"https://www.freepressjournal.in/mumbai/navi-mumbai-international-airportwhen-it-will-see-the-flight-of-the-day-is-unclear
https://timesofindia.indiatimes.com/city/navi-mumbai/govt-tells-cidco-to-speed-up-navi-mumbai-airport-work/articleshow/79092995.cms",Exact Location,18.992968,73.057513
Mexico,Latin America and the Caribbean,Low income,860MW Salamanca Combined Cycle Gas-Fired Plant,N/A,Energy,Electricity,Electricity generation,No,Gov't Budget Reallocation / Regulatory Changes,,,,July,N/A,,Cancelled,Cancelled in Tender Process ,Greenfield,https://www.txfnews.com/Tracker/Details/ffb54b8a-f414-463c-ac4b-2b383c2c2ffd/Salamanca-gas-fired-plant-tender-pushed-back,N/A,N/A,City,21.011406,-101.256938
Mexico,Latin America and the Caribbean,Low income,42MW Baja California Sur VI Combined Cycle Gas-Fired Plant,N/A,Energy,Electricity,Electricity generation,No,Gov't Budget Reallocation / Regulatory Changes,,,,July,N/A,,Cancelled,Cancelled in Tender Process ,Greenfield,https://realestatemarket.com.mx/noticias/infraestructura-y-construccion/29268-cfe-cancela-construccion-de-plantas-electricas-en-diferentes-estados,N/A,N/A,City,25.102891,-111.707676
Mexico,Latin America and the Caribbean,Low income,804.8MW San Luis Potosí Combined Cycle Gas-Fired Plant,N/A,Energy,Electricity,Electricity generation,No,Gov't Budget Reallocation / Regulatory Changes,,,,July,N/A,,Cancelled,Cancelled in Tender Process ,Greenfield,https://realestatemarket.com.mx/noticias/infraestructura-y-construccion/29268-cfe-cancela-construccion-de-plantas-electricas-en-diferentes-estados,N/A,N/A,City,22.157548,-100.983523
Nepal,South Asia,Low income,Melamchi Water Supply Project,N/A,Water and sewerage,Treatment plant,Sewerage treatment plant,No,travel limit and shipping disruption,,,,April,2000,https://www.spotlightnepal.com/2020/07/12/melamchi-dream-come-true/,Delayed,Delay in Construction,Greenfield,https://kathmandupost.com/valley/2020/04/06/melamchi-likely-to-face-more-delays-as-workers-leave-the-site,Resumed,N/A,Exact Location,27.825809,85.579433
Tunisia,Middle East and North Africa,Low income,Nawara gas field development project,South Tunisia Gas Project (STGP),Energy,Natural Gas,Other,No,Covid-19,,,,April,2015,https://projectsportal.afdb.org/dataportal/VProject/show/P-TN-FD0-006,Delayed ,Delay in Construction,Greenfield,https://www.meed.com/covid-19-delays-work-on-tunisian-gas-project,N/A,N/A,City,32.611846,10.6834
Bangladesh,South Asia,High income,Dhaka Metrorail project,N/A,Transport,Railways,Local Passenger/Light rail,No,travel and shipment disruption due to Covid-19,,,,June,2013,https://tbsnews.net/bangladesh/infrastructure/launch-metro-rail-likely-be-delayed-101605,delayed,delay in construction ,greenfield ,https://bdnews24.com/economy/2020/06/14/coronavirus-crisis-derails-bangladesh-metrorail-project,Resumed,https://www.dhakatribune.com/bangladesh/dhaka/2020/09/04/metro-rail-s-construction-progressing-fast-with-49-15-completion,City,23.8034091,90.4069736
Colombia,Latin America and the Caribbean,High income,Cambao-Manizales Highway (256KM),Vía cambao-Manizales,Transport,Roads,Highway,No,dispute between concessionare and ANI(National Infrastructure Agency) ,,,,April,2015,https://www.infrapppworld.com/news/colombia-awards-fifth-private-initiative-in-road-sector,Delayed,Delay in Financial Close,brownfield ,https://www.elolfato.com/via-cambao-manizales-otra-promesa-sin-cumplir-para-los-tolimenses,Resumed,https://www.carreteras-pa.com/noticias/colombia-reactiva-obras-de-la-via-4g-cambao-manizales/,City,5.0222667,-74.0287992
India,South Asia,High income,ACME Jaipur 250MW Solar Power Plant,N/A,Energy,Electricity,Electricity generation,No,land aquisition delays plus further delays casued by Covid-19,,,,April,2018,https://www.business-standard.com/article/companies/acme-to-cancel-india-s-cheapest-solar-project-citing-covid-19-impact-120052000977_1.html,Delayed,ACME allegedly terminates the contract under Force Majuere,greenfield ,https://www.reuters.com/article/india-solar/citing-covid-uncertainty-indias-acme-solar-cancels-deal-to-supply-power-at-record-low-tariff-idUSL4N2D22TL,N/A,N/A,City,24.5367039,81.3032997
China,East Asia and Pacific,High income,Jiaxing LNG,N/A,Energy,Natural Gas,Natural gas transmission,No,Financial strain,,,,July,2019,https://www.seatrade-maritime.com/ports-logistics/jiaxing-lng-terminal-starts-construction,Delayed,Delay in Commercial operation,greenfield ,https://www.spglobal.com/platts/en/market-insights/latest-news/natural-gas/070720-analysis-chinas-new-lng-regas-projects-delayed-amid-covid-19-impact-financial-strain,N/A,N/A,City,30.6784208,121.2277033
India,South Asia,High income,Kajauli waterworks phases V and VI,N/A,Water and sewerage,Treatment plant,Portable water and sewerage treatment,No,Non-availability of labourers due to Lockdown measure,,,,June,N/A ,,Delayed,delay in construction ,greenfield ,https://timesofindia.indiatimes.com/city/chandigarh/covid-19-impact-labour-crunch-delays-mohali-water-project/articleshow/76345299.cms,N/A,N/A,City,30.7478259,76.6381644
Colombia,Latin America and the Caribbean,High income,2.4 GW Hidro Ituango project,N/A,Energy,Electricity,Electricity generation,No,Non-availability of labourers due to Lockdown measure,,,,June,N/A ,,Delayed,Delay in Construction ,greenfield ,https://www.bnamericas.com/en/news/covid-19-delays-colombias-hidroituango-mega-dam-project,N/A,N/A,City,7.171543,-75.76468
China,East Asia and Pacific,High income,Damaiyu LNG,N/A,Energy,Natural Gas,Natural gas transmission,No,Financial strain,,,,July,2018,https://www.gem.wiki/Damaiyu_LNG_Terminal,Delayed,Delay in Commercial operation,greenfield ,https://www.spglobal.com/platts/en/market-insights/latest-news/natural-gas/070720-analysis-chinas-new-lng-regas-projects-delayed-amid-covid-19-impact-financial-strain,N/A,N/A,Exact Location,28.106107,121.134782
Argentina,Latin America and the Caribbean,High income,"RenovAr renewable tenders: 1, 1.5, 2 and 3",N/A,Energy,Electricity,Electricity generation,No,Tender Delayed,,,,June,N/A,,Delayed,Tender delayed,greenfield ,https://www.bnamericas.com/en/news/argentina-extends-progress-deadlines-for-renewable-energy-projects,N/A,N/A,country ,-35.911352,-68.944708
Montenegro,Europe and Central Asia,Low income,Velje brdo PV plant,N/A,Energy,Electricity,Electricity generation,No,Tender Delayed,,,,June,N/A,,Delayed,Tender delayed,greenfield ,https://balkangreenenergynews.com/velje-brdo-pv-plant-tender-to-start-by-year-end-could-expand-to-300-mw/,N/A,N/A,City,42.484608,19.218423
China,East Asia and Pacific,High income,Jiangsu Binhai LNG,N/A,Energy,Natural Gas,Natural gas transmission,No,Financial strain,,,,July,N/A,,Delayed,Delay in Commercial operation,greenfield ,https://www.spglobal.com/platts/en/market-insights/latest-news/natural-gas/070720-analysis-chinas-new-lng-regas-projects-delayed-amid-covid-19-impact-financial-strain,N/A,N/A,Exact Location,34.287539,120.271312
Bangladesh,South Asia,High income,"1,600-MW Jharkhand project",N/A,Energy,Electricity,Electricity generation,No,Non-availability of labourers due to Lockdown measure,,,,June,2019,,Delayed,Delay in Commisioning,Greenfield,https://www.business-standard.com/article/companies/1-600-mw-jharkhand-project-delayed-amid-covid-19-lockdown-adani-power-120060101759_1.html,N/A,N/A,Exact Location,24.81592827,87.13511295
Nigeria,Sub-Saharan Africa,Low income,"Akanu Ibiam International Airport, Enugu",Enugu Airport,Transport,Airports,Runway and terminal,No,N/A,,,,June,N/A,,Delayed,Delay in Construction,expansion,https://www.sunnewsonline.com/work-resumes-at-enugu-airport/,Resumed,https://www.sunnewsonline.com/work-resumes-at-enugu-airport/,Exact Location,6.471811161,7.567658659
Nepal,South Asia,Low income,NEA Tanahun HPP,140 MW Tanahu Hydropower Project,Energy,Electricity,Electricity generation,No,travel limit and shipping disruption,,,,March,2012,,Delayed,Delay in Construction,greenfield,https://www.hydroreview.com/2020/03/09/coronavirus-may-significantly-delay-hydro-project-construction/#gref,N/A,N/A,Exact Location,27.95941578,84.27461028
Nepal,South Asia,Low income,37-MW Upper Trishuli 3B Project,N/A,Energy,Electricity,Electricity generation,No,travel limit and shipping disruption,,,,March,in progress,https://www.trishulijalvidhyut.com.np/about-us/,Delayed,Delay in Construction,greenfield,https://www.hydroreview.com/2020/03/09/coronavirus-may-significantly-delay-hydro-project-construction/#gref,Resumed,http://www.nepalenergyforum.com/upper-trisuli-3-b-work-in-progress/,Exact Location,27.99612226,85.18351309
Nepal,South Asia,Low income,Gautam Buddha International Airport (GBIA),N/A,Transport,Airports,Runway and terminal,No,travel limit and shipping disruption,,,,May,N/A,,Delayed,Delay in Construction,N/A,https://www.nepalisansar.com/government/nepal-resumes-gbia-airport-construction-amid-covid-19/,Resumed,https://www.tourismmail.com/construction-of-gautam-buddha-international-airport-resumes,Exact Location,27.50692103,83.41974331
Bangladesh,South Asia,High income,Dhaka Mass Rapid Transit Line 6,N/A,Transport,Railways,Local Passenger/Light rail,No,travel limit and shipping disruption,,,,May,2013,,Delayed,Delay in Construction,greenfield,https://thefinancialexpress.com.bd/trade/first-metro-rail-arrival-from-japan-uncertain-1587093264,Resumed,https://www.railwaygazette.com/metros/dhaka-metro-construction-continues/56540.article,Exact Location,23.84184976,90.36352346
Russian Federation,Europe and Central Asia,Low income,Unit 2 of the Leningrad II nuclear power plant in western Russian,Leningrad II unit 2,Energy,Electricity,Electricity generation,No,travel limit and shipping disruption,,,,May,N/A,,Delayed,Delay in Commisioning,N/A,https://www.world-nuclear-news.org/Articles/Leningrad-II-2-start-up-postponed-to-April-202https://www.world-nuclear-news.org/Articles/Leningrad-II-2-start-up-postponed-to-April-2021,N/A,N/A,Exact Location,59.82786743,29.05348556
"Congo, Dem. Rep.",Sub-Saharan Africa,High income,Kisangani Solar Photovoltaic Power plant,N/A,Energy,Electricity,Electricity generation,No,travel limit and shipping disruption,,,,May,N/A,,Delayed,Delay in Construction,greenfield,https://globalpressjournal.com/africa/democratic-republic-of-congo/coronavirus-claims-another-victim-solar-power-plant-drc/,N/A,N/A,City,0.5186785515,25.20130622
Nepal,South Asia,Low income,Upper Tamakoshi Project,Upper Tamakoshi Hydroelectric Project,Energy,Electricity,Electricity generation,No,travel limit and shipping disruption,,,,May,2018,https://kclastute.com/assets/uploads/files/articles/Upper_Tamakoshi_ERP_(1).pdf,Delayed,Close to completion,greenfield,"https://myrepublica.nagariknetwork.com/news/upper-tamakoshi-project-likely-to-be-delayed/#:~:text=KATHMANDU%2C%20May%2025%3A%20The%20completion,19%20lockdown%20in%20the%20country.&text=The%20project%20was%20expected%20to,has%20impacted%20the%20project%20deadline.",N/A,N/A,Exact Location,27.92469184,86.213236
China,East Asia and Pacific,High income,Rudong LNG phase 3,N/A,Energy,Electricity,Natural gas transmission,No,Financial strain,,,,July,N/A,,Delayed,Phase 3,N/A,https://www.spglobal.com/platts/en/market-insights/latest-news/natural-gas/070720-analysis-chinas-new-lng-regas-projects-delayed-amid-covid-19-impact-financial-strain,N/A,N/A,City,32.35767928,121.1710965
Bangladesh,South Asia,High income,Runway capacity enhancement project at Shah Amanat International Airport,Shah Amanat International Airport Runway,Transport,Airports,Runway and terminal,No,travel limit and shipping disruption,,,,June,N/A,,Delayed,starting operation,brownfield,https://tbsnews.net/economy/aviation/covid-19-chattogram-airports-runway-strengthening-work-stalled-98896,N/A,N/A,Exact Location,22.2457677,91.81446412
China,East Asia and Pacific,High income,Qingdao LNG phase 2,N/A,Energy,Electricity,Natural gas transmission,No,Financial strain,,,,July,N/A,,Delayed,Phase 2,N/A,https://www.spglobal.com/platts/en/market-insights/latest-news/natural-gas/070720-analysis-chinas-new-lng-regas-projects-delayed-amid-covid-19-impact-financial-strain,N/A,N/A,City,36.09400927,120.3859615
Seychelles,Sub-Saharan Africa,Low income,Seychelles Floating Solar Plant,N/A,Energy,Electricity,Electricity generation,No,travel limit and shipping disruption,,,,June,N/A,,Delayed,Bidding phase,greenfield,http://www.seychellesnewsagency.com/articles/13098/Planned+floating+solar+plant+in+Seychelles+delayed+because+of+COVID+complications,N/A,N/A,City,-4.680896398,55.45847737
Cambodia,East Asia and Pacific,High income,400MW Heavy fuel oil power plant in Kandal province’s,400 MW Kandal HFO/LNG Power Plants Project,Energy,Electricity,Electricity generation,No,travel limit and shipping disruption,,,,June,2017,,Delayed,Delayed in Construction,N/A,https://thailand-construction.com/cambodias-power-plant-in-kandal-province-delayed-by-covid-19-travel-bans/,N/A,N/A,Exact Location,11.53896164,105.088694
India,South Asia,High income,Kempegowda International Airport (KIA) : second terminal,N/A,Transport,Airports,Runway and terminal,No,Lower Demand Projection,,,,June,2019,https://www.livemint.com/news/india/bengaluru-airport-to-come-up-with-terminal-2-gets-rs-10-000-crore-1565090581735.html,Delayed,Phase 1,expansion,https://www.deccanherald.com/city/bengaluru-infrastructure/kia-second-terminal-to-be-delayed-by-6-to-12-months-844968.html,N/A,N/A,Exact Location,13.19865568,77.70646405
Mozambique,Sub-Saharan Africa,Low income,Rovuma LNG project,N/A,Energy,Natural Gas,Natural gas transmission,No,Lower Demand Projection,$23 billion,,,June,Not yet,,Delayed,Delay in investment decision,Greenfield,https://www.africaoilandpower.com/2020/06/08/fid_on_mozambiques-rovuma-lng-project-delayed-until-2021/,N/A,N/A,Exact Location,-10.850449,41.291493
Angola,Sub-Saharan Africa,High income,Multipurpose terminal of the port of Luanda,Port of Luanda Multipurpose Terminal,Transport,Ports,Terminal,No,Lower Demand Projection,,,,June,Not yet,,Delayed,Delay in concession,Greenfield,https://www.porttechnology.org/news/tender-for-angolas-largest-port-pushed-back-due-to-covid-19-pandemic/,N/A,N/A,Exact Location,-8.797677,13.244965
Montenegro,Europe and Central Asia,Low income,250 MW Briska Gora solar plant,Briska Gora solar power plant,Energy,Electricity,Electricity generation,No,N/A,,,,June,2018,,Delayed,Delay in development,Greenfield,https://www.lexology.com/library/detail.aspx?g=2393b055-d3e0-4d68-b9ed-6e0ac41fbc98,N/A,N/A,City,41.967664,19.294259
Namibia,Sub-Saharan Africa,Low income,Upgrade of the dual carriageway on the Windhoek-Okahandja road,Upgrade of WIndhoek-Okahandja road,Transport,Roads,Highway,No,Non-availability of labourers due to Lockdown measure,,,,June,N/A,,Delayed,Delay in construction,Greenfield,https://www.namibiansun.com/news/massive-capital-projects-delayed2020-06-05,N/A,N/A,City,-22.504441,17.078017
Namibia,Sub-Saharan Africa,Low income,Upgrade to a dual carriageway of the Windhoek to Hosea Kutako International Airport road,Windhoek-Hosea Kutako Airport Road Upgrade,Transport,Roads,Highway,No,Non-availability of labourers due to Lockdown measure,,,,N/A,N/A,,Delayed,Delay in construction,Greenfield,https://www.namibiansun.com/news/massive-capital-projects-delayed2020-06-05,N/A,N/A,City,-22.504441,17.078017
Myanmar,East Asia and Pacific,Low income,Falam’s airport in Chin State,Falam (Surbung) New Airport Project,Transport,Airports,Runway and terminal,No,travel limit and shipping disruption,,,,June,2015,,Delayed,Delay in operation,Greenfield,https://consult-myanmar.com/2020/06/05/opening-of-the-first-airport-in-myanmars-chin-state-delayed-amid-covid-19/,Resumed,https://www.mmtimes.com/news/construction-chin-state-airports-make-progress-despite-covid-19.html,Exact Location,22.934223,93.615055
India,South Asia,High income,Waste-to Energy Plant at Kapuluppada,waste-to-energy(WTE) power project taken up by the JIFT Urban Infrastructure Limited at Kapuluppada under the limits of the Greater Visakhapatnam Municipal Corporation (GVMC),Transport,Treatment / Disposal,Incineration / Waste to Energy,No,Non-availability of labourers due to Lockdown measure,,,,,2016,,Delayed,Delay in construction,Greenfield,https://www.thehindu.com/news/cities/Visakhapatnam/waste-to-energy-plant-to-be-ready-by-year-end/article31760959.ece,Resumed,https://www.thehindu.com/news/cities/Visakhapatnam/waste-to-energy-plant-to-be-ready-by-year-end/article31760959.ece,City,17.835171,83.384617
Mexico,Latin America and the Caribbean,Low income,Terminal 3 of Mexico City International Airport (AICM),Mexico City new International Airport,Transport,Airports,Runway and terminal,No,Lower Demand Projection,,,,June,2019,,Cancelled,Cancellation of construction,Greenfield,https://simpleflying.com/mexico-city-terminal-canceled/,N/A,N/A,Exact Location,19.436026,-99.071839
Bolivia,Latin America and the Caribbean,High income,280 MW Ivirizu hydropower plant,N/A,Energy,Electricity,Electricity generation,No,Non-availability of labourers due to Lockdown measure,,,,March,2017,https://www.chinadaily.com.cn/business/2017-08/19/content_30826511.htm,Delayed,Delay in construction,Greenfield,https://www.bnamericas.com/en/news/bolivia-pushes-back-geothermal-call,N/A,N/A,City,-16.826155,-65.006708
Bolivia,Latin America and the Caribbean,High income,100MW Laguna Colorada geothermal project(Second Stage),Laguna Colorada geothermal project,Energy,Electricity,Electricity generation,No,Non-availability of labourers due to Lockdown measure,,,,March,2017,https://geothermalresourcescouncil.blogspot.com/2017/03/Bolivia-geothermal.html,Delayed,Delay in tender,N/A (loan from JICA),https://www.bnamericas.com/en/news/bolivia-pushes-back-geothermal-call,N/A,N/A,Exact Location,-22.43399,-67.756263
Malaysia,East Asia and Pacific,Upper middle income,East Coast Rail Link project,East Coast Rail Line project,Transport,Railways,Regional Passenger,No,travel limit and shipping disruption,,,,March,2016,https://en.wikipedia.org/wiki/MRL_East_Coast_Rail_Link,Delayed,Delay in Construction,Greenfield,https://www.straitstimes.com/asia/se-asia/malaysia-gives-green-light-for-construction-to-resume-on-east-coast-rail-link,Resumed,https://www.straitstimes.com/asia/se-asia/malaysia-gives-green-light-for-construction-to-resume-on-east-coast-rail-link,City,2.999895,101.39602
Philippines,East Asia and Pacific,Low income,2x668-MW supercritical coal-fired power project,Dinginin power station,Energy,Electricity,Electricity generation,No,travel limit and shipping disruption,,,,March,2015,https://www.gem.wiki/Dinginin_power_station,Delayed,Delay in commisioning,N/A (coal fired plant,https://www.philstar.com/business/2020/03/18/2001646/bataan-coal-plant-completion-delayed,N/A,N/A,Exact Location,14.424984,120.537047
Indonesia,East Asia and Pacific,High income,510 MW Batang Toru hydropower plants,Batang Toru hydropower project,Energy,Electricity,Electricity generation,No,travel limit and shipping disruption,,,,March,2015,,Delayed,Delay in Construction,Greenfield,https://www.hydroreview.com/2020/03/02/coronavirus-delays-construction-progress-on-510-mw-batang-toru-hydropower-plant-in-indonesia/,N/A,N/A,Exact Location,99.10078,1.34494
Ecuador,Latin America and the Caribbean,High income,Quito Metro,Metro de Quito,Transport,Railways,Local Passenger/Light rail,No,Non-availability of labourers due to Lockdown measure,,,,March,N/A,,Delayed,Delay in Construction,Greenfield,https://www.construccionlatinoamericana.com/metro-de-quito-paralizado-por-coronavirus/142852.article,Resumed,https://en.travel2latam.com/nota/60769-quitos-tourism-sector-prepared-to-receive-visitors,Exact Location,-0.298593,-78.55552
Nepal,South Asia,Low income,54 MW Super Dordikhola Hydropower Project ‘B’,Super Dordi Hydropower Project,Energy,Electricity,Electricity generation,No,Non-availability of labourers due to Lockdown measure,,,,March,N/A,,Delayed,Delay in Construction,Greenfield,https://risingnepaldaily.com/business/lockdown-halts-construction-of-9-hydro-projects-in-lamjung,Resumed,https://www.eadarsha.com/eng/super-dordi-b-hydel-project-80-per-cent-complete/,Exact Location,28.1834,84.3343
Nepal,South Asia,Low income,25 MW Upper Dordi ‘A’ Project,Upper Dordi ‘A’ Hydropower Project,Energy,Electricity,Electricity generation,No,Non-availability of labourers due to Lockdown measure,,,,March,2014,,Delayed,Delay in Construction,Greenfield,https://risingnepaldaily.com/business/lockdown-halts-construction-of-9-hydro-projects-in-lamjung,N/A,N/A,Exact Location,28.1500 to 28.1620,84.2846 to 84.3159
Nepal,South Asia,Low income,12 MW Dordi-1 Project,Dordi-1 Hydro electric project,Energy,Electricity,Electricity generation,No,Non-availability of labourers due to Lockdown measure,,,,March,2016,http://www.ledco.com.np/Page/index.php?PageID=5,Delayed,Delay in Construction,Greenfield,https://risingnepaldaily.com/business/lockdown-halts-construction-of-9-hydro-projects-in-lamjung,N/A,N/A,City,28.300482,84.579741
Nepal,South Asia,Low income,27 MW Dordikola Hydropower Project,Dordikola Hydropower Project,Energy,Electricity,Electricity generation,No,Non-availability of labourers due to Lockdown measure,,,,March,2011,,Delayed,Delay in Construction,Greenfield,https://risingnepaldaily.com/business/lockdown-halts-construction-of-9-hydro-projects-in-lamjung,N/A,N/A,Exact Location,28.10 to 28.1332,84.26 to 84.2830
Nepal,South Asia,Low income,30 MW Nyadi Hydropower Project,Nyadi Hydropower Project,Energy,Electricity,Electricity generation,No,Non-availability of labourers due to Lockdown measure,,,,March,2016,,Delayed,Delay in Construction,Greenfield,https://risingnepaldaily.com/business/lockdown-halts-construction-of-9-hydro-projects-in-lamjung,N/A,N/A,City,28.32762,84.399056
Nepal,South Asia,Low income,40.27 MW Upper Nyandi Hydropower Project,Super Nyadi Hydropower Project (40.27 MW),Energy,Electricity,Electricity generation,No,Non-availability of labourers due to Lockdown measure,,,,March,N/A,,Delayed,Delay in Construction,Greenfield,https://risingnepaldaily.com/business/lockdown-halts-construction-of-9-hydro-projects-in-lamjung,Resumed,https://www.investopaper.com/news/nyadi-hydropower-project/,City,28.301612,84.398723
Nepal,South Asia,Low income,2.4 MW Upper Syange Khola,Upper Syange Khola Small Hydropower Project,Energy,Electricity,Electricity generation,No,Non-availability of labourers due to Lockdown measure,,,,March,2018,https://www.sharesansar.com/newsdetail/upper-syange-hydropower-completes-financial-closure-for-2-4-mw-upper-syange-hydropower-project,Delayed,Delay in Construction,Greenfield,https://risingnepaldaily.com/business/lockdown-halts-construction-of-9-hydro-projects-in-lamjung,N/A,N/A,City,28.296925,84.369925
Nepal,South Asia,Low income,7.7 MW Midimkhola,Midimkhola hydropower projects,Energy,Electricity,Electricity generation,No,Non-availability of labourers due to Lockdown measure,,,,March,N/A,,Delayed,Delay in Construction,Greenfield,https://risingnepaldaily.com/business/lockdown-halts-construction-of-9-hydro-projects-in-lamjung,N/A,N/A,City,28.306235,84.420655
Russian Federation,Europe and Central Asia,Low income,200-megawatt (MW) wind power project in Kalmykia,200MW Kalmykia Wind Farm,Energy,Electricity,Electricity generation,No,force majeure,,,,March,N/A,,Delayed,Delay in commisioning,Greenfield,https://www.kommersant.ru/doc/4348520,N/A,N/A,City,46.484157,44.400716
Argentina,Latin America and the Caribbean,High income,Cauchari solar power plant,Cauchari Solar Park Project,Energy,Electricity,Electricity generation,No,Non-availability of labourers due to Lockdown measure,,,,March,N/A,,Delayed,Delay in Commisioning,Greenfield,https://www.energiaestrategica.com/coronavirus-nuevas-medidas-de-mitigacion-afectan-el-avance-en-obras-de-proyectos-de-renovables-pero-no-la-operacion-de-parques/,N/A,N/A,City,-24.999953,-67.00001
Argentina,Latin America and the Caribbean,High income,Loma Blanca Wind Portfolio ,"Loma Blanca Wind Farm (Parque eólico Loma Blanca) I, II, III, VI",Energy,Electricity,Electricity generation,No,Non-availability of components and personnel due to Lockdown measure,,,,March,2019,WB PPI,Delayed,Delay in Commisioning,Greenfield,https://www.energiaestrategica.com/coronavirus-nuevas-medidas-de-mitigacion-afectan-el-avance-en-obras-de-proyectos-de-renovables-pero-no-la-operacion-de-parques/,N/A,N/A,Exact Location,-43.12914,-65.257653
Argentina,Latin America and the Caribbean,High income,"Bicentennial, Mataco and San Jorge wind project(RenovAr Program)","Parque del Bicentenario, El Mataco and San Jorge wind complex(RenovAr Program)",Energy,Electricity,Electricity generation,No,N/A,,,,March,N/A,,Delayed,Delay in Commisioning,Greenfield,https://www.energiaestrategica.com/coronavirus-nuevas-medidas-de-mitigacion-afectan-el-avance-en-obras-de-proyectos-de-renovables-pero-no-la-operacion-de-parques/,N/A,N/A,Exact Location,-47.184812 / -38. 20479,-67.142539 / -62.309917
Philippines,East Asia and Pacific,Low income,Power Source First Bulacan Solar Plant,Bulacan solar power plant,Energy,Electricity,Electricity generation,No,travel limit and shipping disruption,,,,March,N/A,,Delayed,Delay in Construction,Greenfield,https://www.pna.gov.ph/articles/1094786,"Resumed (April 29, 2020)",https://businessmirror.com.ph/2020/04/29/mgen-gets-ok-to-resume-work-on-bulacan-solar-power-project/,Exact Location,15.022335,121.055153
India,South Asia,High income,1.2km Purana Qila road tunnel,Pragati Maidan tunnel,Transport,Roads,Highway and tunnel,No,Gov't Budget Reallocation / Regulatory Changes,,,6,,N/A,,Delayed,Delay in Construction,Greenfield,https://www.hindustantimes.com/cities/pandemic-sets-back-delhi-s-infra-projects-by-six-months/story-0fcq2ElDkD66hYyifQIvlL.html,Resumed (May 10th),https://timesofindia.indiatimes.com/city/delhi/pragati-maidan-work-on-with-45-workers/articleshow/75652190.cms,Exact Location,28.6155123,77.2372292
India,South Asia,High income,Barapullah phase-3 elevated corridor,Barapullah Road Phase-III Route,Transport,Roads,Highway,No,Gov't Budget Reallocation / Regulatory Changes,,,6,March,N/A,,Delayed,Delay in Construction,Greenfield,https://www.hindustantimes.com/cities/pandemic-sets-back-delhi-s-infra-projects-by-six-months/story-0fcq2ElDkD66hYyifQIvlL.html,Resumed (June 15th),https://www.newindianexpress.com/cities/delhi/2020/jun/15/air-pollution-covid-19-lockdown-slows-down-delhis-much-needed-makeover-2156750.html,City,28.591885,77.261578
Philippines,East Asia and Pacific,Low income,Bulacan airport project,Bulacan International Airport Project (New Manila International Airport),Transport,Airports,Runway and terminal,No,Government clarification,,,,March,2020,,Delayed,Delay in Construction,Greenfield,https://business.inquirer.net/292649/big-infra-projects-face-delays-due-to-covid-19,Resumed (June 23rd),https://tribune.net.ph/index.php/2020/06/23/smc-starts-initial-work-at-bulacan-airport/,Exact Location,14.72957,120.880091
India,South Asia,High income,Ashram underpass,Ashram Underpass,Transport,Roads,Highway,No,Gov't Budget Reallocation / Regulatory Changes,,,6,March,N/A,,Delayed,Delay in Construction,Greenfield,https://www.hindustantimes.com/cities/pandemic-sets-back-delhi-s-infra-projects-by-six-months/story-0fcq2ElDkD66hYyifQIvlL.html,Resumed ,https://www.hindustantimes.com/delhi-news/traffic-to-be-restricted-at-ashram-chowk-towards-bhogal-for-two-nights-till-thursday/story-sRmQoBXGjU0ZsJmBDIaanO.html,Exact Location,28.572502,77.258264
India,South Asia,High income,Benito-Juarez Road underpass,Benito Juarez Marg,Transport,Roads,Highway,No,Gov't Budget Reallocation / Regulatory Changes,,,6,March,N/A,,Delayed,Delay in Construction,Greenfield,https://www.hindustantimes.com/cities/pandemic-sets-back-delhi-s-infra-projects-by-six-months/story-0fcq2ElDkD66hYyifQIvlL.html,N/A,N/A,Exact Location,28.582395,77.163868
Nepal,South Asia,Low income,Chilime Rasuwagadhi HPP,Rasuwagadhi Hydroelectric Power Plant Project,Energy,Electricity,Electricity generation,No,travel limit and shipping disruption,,,,March,2012,WB PPI,Delayed,Delay in Construction,Greenfield,https://www.hydroreview.com/2020/03/09/coronavirus-may-significantly-delay-hydro-project-construction/#gref,N/A,N/A,Exact Location,28.270871,85.376906
Bosnia and Herzegovina,Europe and Central Asia,High income,160 MW hydro power plant (HPP) HE Dabar,160 MW Dabar Hydro Power Plant,Energy,Electricity,Electricity generation,No,N/A,,,1,March,N/A,,Delayed,Delay in FC,Greenfield,https://seenews.com/news/coronavirus-to-delay-dabar-hpp-project-in-bosnias-serb-republic-report-689960,N/A,N/A,City,42.707721,18.350171
Brazil,Latin America and the Caribbean,High income,Piauí Solar PV Projects,40 MW solar PV portfolio in Piaui,Energy,Electricity,Electricity generation,No,Tender Delayed,,,,March,N/A,,Delayed,Delay in Tender,Greenfield,https://renewablesnow.com/news/brazils-piaui-resumes-plans-to-tender-40-mw-of-solar-703795/,Resume Tender (June 24),https://renewablesnow.com/news/brazils-piaui-resumes-plans-to-tender-40-mw-of-solar-703795/,City,-7.665126,-42.651936
India,South Asia,High income,Mumbai Metro One (Line 1) Project,Line 1 of Mumbai Metro,Transport,Railways,Regional Passenger,No,N/A,,,,March,2008,https://www.projectstoday.com/News/Mumbai-Metro-One-achieves-financial-closure,Delayed,suspend operation,N/A,https://economictimes.indiatimes.com/news/politics-and-nation/covid-19-mumbai-metro-one-to-suspend-operations-on-sunday/articleshow/74745868.cms?from=mdr,Resumed Operation (Oct 19),https://www.timesnownews.com/mumbai/article/after-nearly-7-month-hiatus-mumbai-metro-to-resume-services-from-today/669241,City,19.0759837,72.8776559
Philippines,East Asia and Pacific,Low income,Ninoy Aquino International Airport (NAIA) Rehabilitation project ,N/A,Transport,Airports,Runway and terminal,No,N/A,,,,March,N/A,,Delayed,Delay in negotiation,Brownfield,https://business.inquirer.net/292649/big-infra-projects-face-delays-due-to-covid-19,N/A,N/A,Exact Location,14.511943,121.016436
Philippines,East Asia and Pacific,Low income,Sangley International Airport project,Sangley Point International Airport (SPIA) project,Transport,Airports,Runway and terminal,No,N/A,,,,March,N/A,,Delayed,Delay in Construction,Greenfield,https://business.inquirer.net/299736/macroasia-cccc-seeks-more-time-to-submit-final-bid-for-sangley-airport,N/A,N/A,Exact Location,14.489893,120.894412
Colombia,Latin America and the Caribbean,High income,Carrizal Wind Farm (195MW),N/A,Energy,Electricity,Electricity generation,No,Transmission line delayed,,,,March,N/A,,Delayed,Delay in Construction,Greenfield,https://ijglobal.com/articles/146502/covid-19-delays-threaten-colombian-wind-projects,N/A,N/A,City,11.537413,-72.424966
Colombia,Latin America and the Caribbean,High income,Irraipa Wind Farm (99MW),N/A,Energy,Electricity,Electricity generation,No,Transmission line delayed,,,,March,N/A,,Delayed,Delay in Construction,Greenfield,https://ijglobal.com/articles/146502/covid-19-delays-threaten-colombian-wind-projects,N/A,N/A,Exact Location,12.122826,-71.951448
Colombia,Latin America and the Caribbean,High income,110 kV Nueva San Juan substation,110 kV Nueva San Juan substation,Energy,Electricity,Electricity generation,No,Tender Delayed,,,,May,N/A,,Delayed,Delay in Tender,Greenfield,"https://ijglobal.com/articles/147414/third-delay-for-colombia-transmission-tender
https://www.cliffordchance.com/content/dam/cliffordchance/briefings/2020/01/Colombia-500kv-La-Loma-Sogamoso-Transmission-Line-Tender.pdf",N/A,N/A,City,4.6115082,-77.6046376
Colombia,Latin America and the Caribbean,High income,110 kV Nueva Río substation,110 kV Nueva Río substation,Energy,Electricity,Electricity generation,No,Tender Delayed,,,,May,N/A,,Delayed,Delay in Tender,Greenfield,https://ijglobal.com/articles/147414/third-delay-for-colombia-transmission-tender,N/A,N/A,,N/A,N/A
Colombia,Latin America and the Caribbean,High income,110 kV Nueva Toluviejo,110 kV Nueva Toluviejo,Energy,Electricity,Electricity generation,No,Tender Delayed,,,,May,N/A,,Delayed,Delay in Tender,Greenfield,https://ijglobal.com/articles/147414/third-delay-for-colombia-transmission-tender,N/A,N/A,City,9.4528696,-75.4478903
Colombia,Latin America and the Caribbean,High income,Tumawind Farm (200MW),200MW Tumawind Farm,Energy,Electricity,Electricity generation,No,Transmission line delayed,,,,March,N/A,,Delayed,Development activity paused,Greenfield,https://ijglobal.com/articles/146502/covid-19-delays-threaten-colombian-wind-projects,N/A,N/A,,N/A,N/A
Papua New Guinea,East Asia and Pacific,Low income,Papua LNG,,Energy,LNG,Natural gas transmission,No,Tender Delayed,,,,March,N/A,,Delayed,Delay in FC,Greenfield,https://www.maritime-executive.com/editorials/papua-new-guinea-lng-projects-likely-to-be-delayed,N/A,N/A,,N/A,N/A
Philippines,East Asia and Pacific,Low income,Atimonan One Energy Power Plant,"1200MW Atimonan One Energy Power Plant
1200MW A1E Power Plant
Atimonan power station 
Quezon 1,200 MW Coal-fired Power Plant",Energy,Electricity,Electricity generation,No,travel limit and shipping disruption,,,,March,2017,,Delayed,Delay in Construction (2024 Q2 완공 예정),Greenfield,"https://www.bworldonline.com/groups-want-mgen-coal-plant-projects-ecc-declared-expired/

https://mb.com.ph/2020/03/27/meralco-unit-stops-work-on-power-projects/",N/A,N/A,Exact Location,14.2948003,120.9515114
Philippines,East Asia and Pacific,Low income,Power Source Tarlac Solar Plant,50-MW Tarlac solar power plant,Energy,Electricity,Electricity generation,No,travel limit and shipping disruption,,,,March,N/A,,Delayed,Delay in Construction,Greenfield,https://www.pna.gov.ph/articles/1094786,N/A,https://businessmirror.com.ph/2020/04/29/mgen-gets-ok-to-resume-work-on-bulacan-solar-power-project/,City,15.4728849,120.4729228
Myanmar,East Asia and Pacific,Low income,"151-MW power plant in Ahlone Township, Yangon","151MW Ahlone Power Plant
151MW Ahlone Combined Cycle Gas Turbine (CCGT) Power Plant
Ahlone Power Project",Energy,Electricity,Electricity generation,No,travel limit and shipping disruption,,,,March,2013,,Delayed,Delay in Construction,Greenfield,https://elevenmyanmar.com/news/govt-faces-hydropower-project-delays-due-to-covid-19,Resumed,https://www.petroleum-economist.com/articles/midstream-downstream/power-generation/2020/myanmar-lng-projects-overcome-pandemic-and-sceptics,City,16.7844328,96.1090679
Malaysia,East Asia and Pacific,Upper middle income,Sungai Krian and Batang Saribas bridge projects,N/A,Transport,Roads,Other,No,Non-availability of labourers due to Lockdown measure,,,,March,N/A,,Delayed,Delay in Construction,Greenfield, ,Resumed,"https://www.malaymail.com/news/malaysia/2020/06/11/construction-of-bridges-in-sarawak-to-resume-after-covid-19-delays-says-cm/1874589
freemalaysiatoday.com/category/nation/2020/06/11/work-on-2-sarawak-bridges-resumes/N/A",City,1.7180146,111.0341299
Indonesia,East Asia and Pacific,High income,Bailey Bridges Upgrading Project,N/A,Transport,Roads,Other,No,N/A,,,,March,N/A,,Delayed,Delay in Construction,Brownfield , ,Resumed,https://dayakdaily.com/rm194-million-bridge-upgrades-to-resume-after-delays-due-to-covid-19/,City,1.0428216,108.3024984
Thailand,East Asia and Pacific,Low income,high-speed railway 250km,high-speed railway 250km between Hua Lamphong station and northeastern town of Nakhow Ratchasima,Transport,Railways,Highway,No,travel limit and shipping disruption,,,,May,N/A,,Delayed,Delay in Tender ,Greenfield,http://www.globalconstructionreview.com/news/chinas-plans-southeast-asia-suffer-coronavirus-sho/,N/A,N/A,City,14.9673783,2.0507201
Myanmar,East Asia and Pacific,Low income,Muse-Mandalay railway link,N/A,Transport,Railways,Local Passenger/Light rail,Yes,travel limit and shipping disruption,,,,May,N/A,,Delayed,Delay in Tender ,Greenfield,http://www.globalconstructionreview.com/news/chinas-plans-southeast-asia-suffer-coronavirus-sho//,N/A,N/A,City,23.9881083,97.8715533
Myanmar,East Asia and Pacific,Low income,"Kyaukphyu special economic zone (sea port, power stations and industrial parks)",Kyaukphyu SEZ,Others,Others,Other,No,travel limit and shipping disruption,,,,May,N/A,,Delayed,Delay in Tender ,Brownfield ,http://www.globalconstructionreview.com/news/chinas-plans-southeast-asia-suffer-coronavirus-sho/,N/A,N/A,Exact Location,18.2897861,93.7212352
Nigeria,Sub-Saharan Africa,Low income,Lagos-Ibadan Expressway,127.6km Lagos-Ibadan Expressway,Transport,Roads,Highway,No,Non-availability of labourers due to Lockdown measure,,,,May,2019,,Delayed,Delay in Construction,Greenfield,https://guardian.ng/property/fg-explains-delays-in-lagos-ibadan-expressway-completion/,N/A,N/A,Exact Location,6.9235856,3.6341597
Colombia,Latin America and the Caribbean,High income,Chemesky Wind Farm (100MW),99MW Chemesky Wind Farm,Energy,Electricity,Electricity generation,No,Transmission line delayed,,,,March,N/A,,Delayed,Delay in Tender ,Greenfield,https://ijglobal.com/articles/146502/covid-19-delays-threaten-colombian-wind-projects,N/A,N/A,City,11.4257975,-73.5102948
India,South Asia,High income,Four-lane Trichy-Kallagam section of NH 227,"Four-laning of NH-227 (Trichy-Kallagam)
Four-laning of Trichy to Kallagam section of NH-227",Transport,Roads,Local Passenger/Light rail,No,N/A,,,,March,N/A,,Delayed,Delay in Construction,Greenfield,https://timesofindia.indiatimes.com/city/chennai/27-03-ch-covid-19-stalls-rs-17000-cr-road-projects-in-tn/articleshow/74855152.cms,N/A,N/A,City,11.0311993,78.9883625
Brazil,Latin America and the Caribbean,High income,126MW Jaguatirica II thermoelectric plant,"Jaguatirica II thermoelectric plant (UTE)
132.3MW UTE Jaguatirica II thermal power plant",Energy,Electricity,Electricity generation,No,Non-availability of labourers due to Lockdown measure,,,,March,N/A,,Delayed,Delay in Construction,Greenfield,https://www.roraima1.com.br/2020/03/29/coronavirus-atrapalha-obra-de-termeletrica-em-roraima/,N/A,N/A,City,2.9634589,-60.6804544
Brazil,Latin America and the Caribbean,High income,"1,400MW Angra-3 nuclear power plant",N/A,Energy,Electricity,Electricity generation,No,Lower Demand Projection,,,,May,N/A,,Delayed,Delay in Tender ,Greenfield,https://www.devdiscourse.com/article/international/1062323-covid-19-to-delay-brazil-nuclear-plant--eletronuclear,N/A,N/A,City,-23.0063195,-44.4595227
Ecuador,Latin America and the Caribbean,High income,Villonaco II Wind Farm (55MW),N/A,Energy,Electricity,Electricity generation,No,Tender Delayed,,,,March,2006,,Delayed,Delay in Procurement process,Greenfield,https://ijglobal.com/articles/146525/ecuador-delays-tender-for-renewables-projects,N/A,N/A,,N/A,N/A
India,South Asia,High income,ACME 600 MW Solar project in Rajasthan,N/A,Energy,Electricity,Electricity generation,No,N/A,,,,May,N/A,,Delayed,Delay in Tender (force majeure),Greenfield,https://economictimes.indiatimes.com/small-biz/productline/power-generation/acme-says-cant-supply-cheapest-solar-power/re_show/75886561.cms,N/A,N/A,City,26.3637868,64.8592142
Ecuador,Latin America and the Caribbean,High income,Villonaco III Wind Farm (55MW),N/A,Energy,Electricity,Electricity generation,No,Tender Delayed,,,,March,2006,N/A,delayed,construction,Greenfield,https://ijglobal.com/articles/146525/ecuador-delays-tender-for-renewables-projects,N/A,N/A,City,-4.000821,-79.259232
Albania,Europe and Central Asia,Upper middle income,Vlora airport construction,Vlora airport,Transport,Airports,Other,No,Tender Delayed,,,,March,2020,https://exit.al/en/2020/02/25/ebrd-to-finance-construction-of-vlora-airport/,delayed,Tender,Greenfield,https://www.tiranatimes.com/?p=145028,Resumed,https://www.intellinews.com/tender-process-for-vlora-airport-in-albania-to-resume-soon-182432/,Exact Location,40.478996,19.473609
Zambia,Sub-Saharan Africa,Low income,Bweengwa thermal power plant,N/A,Energy,Electricity,Electricity generation,No,N/A,,,,May,N/A,N/A,delayed,construction,Greenfield,https://www.themastonline.com/2020/05/26/covid-19-derails-kalahari-geos-bweengwa-thermal-power-plant-ops/,N/A,N/A,City,-16.098216,27.120125
Albania,Europe and Central Asia,Upper middle income,140 megawatt (MW) photovoltaic park in Albania,140 megawatt (MW) solar power park in Karavasta,Energy,Electricity,Electricity generation,No,Tender Delayed,,,,May,2020,https://www.pv-magazine.com/2020/05/28/albanias-140-mw-pv-tender-concludes-with-final-price-of-e0-02489-kwh/,delayed,Tender,Greenfield,https://www.reuters.com/article/solar-albania-voltalia/frances-voltalia-wins-albanian-solar-park-contract-idUSL8N2D944U,Resumed,https://www.pv-magazine.com/2020/05/28/albanias-140-mw-pv-tender-concludes-with-final-price-of-e0-02489-kwh/,City,40.872976,19.485786
Vietnam,East Asia and Pacific,Low income,Hanoi urban railway,Nhon-Hanoi Railway Station metro line,Transport,Railways,Local Passenger/Light rail,No,travel limit and shipping disruption,,,,May,2008,N/A,delayed,construction,Greenfield,https://english.thesaigontimes.vn/76542/launch-date-for-hanoi-urban-railway-remain,Resumed,https://thailand-construction.com/chinese-experts-resume-delayed-work-on-vietnams-hanoi-metro-line/,City,21.025021,105.841085
India,South Asia,High income,Kolkata Metro Railway East-West project,Kolkata East West Metro,Transport,Railways,Local Passenger/Light rail,No,Non-availability of labourers due to Lockdown measure,,,,May,N/A,N/A,delayed,construction,Greenfield,https://www.newindianexpress.com/cities/kolkata/2020/jul/14/e-w-metro-corridor-work-affected-after-labourers-test-covid-19-positive-in-kolkata-2169608.html,Resumed,https://www.ndtv.com/india-news/coronavirus-india-kolkata-east-west-metro-corridor-work-to-recommence-soon-official-2222606,City,22.550222,88.330263
Vietnam,East Asia and Pacific,Low income,Thai Binh 2 Thermal Power,N/A,Energy,Electricity,Electricity generation,No,N/A,,,,May,N/A,N/A,delayed,construction,Greenfield,N/A,N/A,N/A,City,20.444885,106.337097
Indonesia,East Asia and Pacific,High income,MRT Jakarta phase 2,MRT Jakarta phase 2,Transport,Railways,Local Passenger/Light rail,No,travel limit and shipping disruption,,,,May,2010,N/A,delayed,costruction,Greenfield,https://www.thejakartapost.com/news/2020/05/01/mrt-jakarta-delays-phase-2-construction-amid-covid-19-outbreak.html,N/A,N/A,City,-6.192213,106.823225
Ecuador,Latin America and the Caribbean,High income,Conolophus Solar Farm,N/A,Energy,Electricity,Electricity generation,No,Tender Delayed,,,,March,N/A,N/A,delayed,Tender,Greenfield,https://www.bnamericas.com/en/news/ecuador-to-launch-tender-for-works-on-conolophus-photovoltaic-project,Resumed,https://www.bnamericas.com/en/news/ecuador-to-launch-tender-for-works-on-conolophus-photovoltaic-project,City,-0.624495,-90.997812
India,South Asia,High income,Rangit Stage IV Hydroproject in Sikkim,N/A,Energy,Electricity,Electricity generation,No,Non-availability of labourers due to Lockdown measure,,,,May,N/A,N/A,delayed,financial investment decision,Greenfield,https://m.economictimes.com/industry/energy/power/lockdown-stalled-nclt-clearance-for-rangit-stage-iv-hydroproject-in-sikkim/amp_articleshow/75532876.cms,N/A,N/A,City,27.341491,88.412192
India,South Asia,High income,Rohtang tunnel(Atal tunnel),Rohtang tunnel,Transport,Roads,Highway and tunnel,No,Non-availability of labourers due to Lockdown measure,,,,May,N/A,N/A,delayed,construction,Greenfield,https://www.thehindu.com/news/national/coronavirus-lockdown-bro-opens-rohtang-pass-3-weeks-in-advance/article31432921.ece,Resumed,https://economictimes.indiatimes.com/news/defence/bro-begins-work-in-rohtang-tunnel-after-brief-suspension-due-to-coronavirus/articleshow/75556894.cms?from=mdr,City,32.399671,77.148609
India,South Asia,High income,Bangalore Airport expansion,N/A,Transport,Airports,Other,No,Non-availability of labourers due to Lockdown measure,,,,May,2019,N/A,delayed,construction,Greenfield,https://www.business-standard.com/article/companies/fairfax-india-foresees-delay-in-bangalore-airport-expansion-due-to-covid-19-120050500657_1.html,N/A,N/A,Exact Location,13.201069,77.661245
Philippines,East Asia and Pacific,Low income,Skyway Extension Project,N/A,Transport,Roads,Local Passenger/Light rail,No,Non-availability of labourers due to Lockdown measure,,,,May,N/A,N/A,delayed,construction,Greenfield,https://www.bworldonline.com/skyway-extension-faces-delay-on-pandemic-lockdown/,Resumed,https://business.mb.com.ph/2020/05/14/skyway-extension-construction-resumes-today/,City,14.538246,121.017847
Russian Federation,Europe and Central Asia,Low income,Berezovskaya 3 plant,Berozovskaya GRES unit 3,Energy,Electricity,Electricity generation,No,Non-availability of labourers due to Lockdown measure,,,,May,N/A,N/A,delayed,operation,Greenfield,https://www.iea-coal.org/uniper-extends-delay-to-restart-of-russian-coal-fired-plant/,N/A,N/A,City,55.579444,89.0725
South Africa,Sub-Saharan Africa,Low income,James Kleynhans Treatment,N/A,Water and sewerage,Treatment plant,Portable water and sewerage treatment,No,Gov't Budget Reallocation / Regulatory Changes,,,,May,N/A,N/A,delayed,construction,Greenfield,https://www.news24.com/news24/SouthAfrica/News/coronavirus-shifting-funds-to-respond-to-pandemic-will-prolong-makhanda-water-crisis-20200430,N/A,N/A,City,-33.310674,26.525627
Mexico,Latin America and the Caribbean,Low income,Costa Azul,Costa Azul natural gas export project,Energy,Natural Gas,Electricity generation and transmission,No,Lower Demand Projection,,,,March,N/A,N/A,delayed,investment,Greenfield,https://ieefa.org/the-financial-prospects-for-liquefied-natural-gas-lng-%E2%80%92-once-one-of-the-globes-hottest-energy-commodities-seem-to-be-imploding-before-our-eyes-in-the-most-recent-step-i/,N/A,N/A,City,-34.767332,-55.661609
Brazil,Latin America and the Caribbean,High income,Linhao de Tucurui Transmission Line,Tucuruí transmission line,Energy,Electricity,Electricity transmission,No,Non-availability of labourers due to Lockdown measure,,,,May,N/A,N/A,delayed,Tender,Greenfield,https://ijglobal.com/articles/147345/pandemic-delays-transmission-line-in-brazil,N/A,N/A,City,-3.775164,-49.676229
Serbia,Europe and Central Asia,Low income,Belgrade river port,Bergrade river port,Transport,Ports,Other,No,N/A,,,,May,N/A,N/A,delayed,costruction,Greenfield,https://seenews.com/news/serbia-delays-start-of-new-belgrade-river-port-construction-to-2022-698121,N/A,N/A,City,44.814267,20.440261
Mexico,Latin America and the Caribbean,Low income,Maya Train project,N/A,Transport,Railways,Local Passenger/Light rail,No,Non-availability of labourers due to Lockdown measure,,,,May,N/A,N/A,delayed,costruction,Greenfield,https://mexiconewsdaily.com/news/new-injunction-halts-maya-train-construction-in-3-chiapas-municipalities/,N/A,N/A,City,20.197809,-87.50267
Indonesia,East Asia and Pacific,High income,Serang-Panimbang toll road,N/A,Transport,Roads,Local Passenger/Light rail,No,Non-availability of labourers due to Lockdown measure,,,,May,2017,https://www.kdi.re.kr/common/seminar_down.jsp?fno=5sDLotstSh858iD8fVLr7w%3D%3D&fty=IKKLJlukyUcpG4EmUThiYg%3D%3D,delayed,costruction,Greenfield,https://finance.detik.com/infrastruktur/d-4987481/proyek-konstruksi-tol-serang-panimbang-disetop,Resumed,https://www.petromindo.com/news/article/construction-of-serang-panimbang-toll-road-project-resumed,City,-6.119008,106.170948
India,South Asia,High income,Kanpur Metro,Kanpur Metro,Transport,Railways,Local Passenger/Light rail,No,Non-availability of labourers due to Lockdown measure,,,,May,N/A,N/A,delayed,costruction,Greenfield,N/A,Resumed,https://www.livemint.com/news/india/kanpur-metro-construction-work-resumes-amid-lockdown-3-0-11589020714033.html,City,26.489401,80.281905
India,South Asia,High income,Majerhat bridge,N/A,Transport,Roads,Highway,No,Gov't safety suspension ,,,,May,N/A,N/A,delayed,construction,Greenfield,https://timesofindia.indiatimes.com/city/kolkata/after-long-break-majerhat-bridge-work-resumes/articleshow/75636979.cms,Resumed,https://timesofindia.indiatimes.com/city/kolkata/after-long-break-majerhat-bridge-work-resumes/articleshow/75636979.cms,City,22.519457,88.322484
Philippines,East Asia and Pacific,Low income,BGC-Ortigas Center Link Road,Bonifacio Global City-Origas Center Road,Transport,Roads,Highway,No,Non-availability of labourers due to Lockdown measure,,,,May,N/A,N/A,delayed,construction,Greenfield,https://malaya.com.ph/index.php/news_business/key-infra-projects-resume-construction/,Resumed,https://malaya.com.ph/index.php/news_business/key-infra-projects-resume-construction/,City,14.550754,121.051157
Nepal,South Asia,Low income,Chilime Trishuli 220 KV transmission line,N/A,Energy,Electricity,Electricity transmission,No,travel limit and shipping disruption,,,,March,N/A,N/A,delayed,construction,Greenfield,https://myrepublica.nagariknetwork.com/news/coronavirus-affects-construction-of-chilime-trishuli-transmission-line/,N/A,N/A,City,28.05877,85.180788
India,South Asia,High income,Tanakpur-Pithoragarh stretch of the chardham all-weather road,chardham highway project,Transport,Roads,Highway,No,Non-availability of labourers due to Lockdown measure,,,,April,N/A,N/A,delayed,construction,Greenfield,https://www.financialexpress.com/infrastructure/roadways/chardham-all-weather-road-project-tanakpur-pithoragarh-stretch-to-be-delayed-due-to-covid-19-lockdown/1931298/,N/A,N/A,City,30.77198,79.496019
India,South Asia,High income,624 MW Kiru hydroelectric project,Kiru Hydro Electric Project,Energy,Electricity,Electricity generation,No,Non-availability of labourers due to Lockdown measure,,,,May,N/A,N/A,delayed,construction,Greenfield,https://www.dailyexcelsior.com/finally-work-on-624-mw-kiru-hep-to-begin-next-month/,N/A,https://www.dailyexcelsior.com/finally-work-on-624-mw-kiru-hep-to-begin-next-month/,City,33.259549,76.185841
Philippines,East Asia and Pacific,Low income,Estrella-Pantaleon Bridge Project connecting Makati City and Mandaluyong City,Rockwell Bridge ,Transport,Roads,Highway,No,Non-availability of labourers due to Lockdown measure,,,,May,N/A,N/A,delayed,construction,Greenfield,https://www.philstar.com/headlines/2020/05/17/2014564/dpwh-resumes-work-ncr-flagship-projects,Resumed,https://mb.com.ph/2020/07/25/2-china-funded-bridges-in-metro-manila-set-for-completion/,Exact Location,14.563759,121.038822
India,South Asia,High income,Mumbai Metro lines 2A and 7,N/A,Transport,Railways,Local Passenger/Light rail,No,Non-availability of labourers due to Lockdown measure,,,,June,N/A,N/A,delayed,operation,Greenfield ,https://thelogicalnews.com/2020/06/09/covid-19-crisis-delays-work-on-mumbai-metro-lines-2a-and-7/,N/A,N/A,Exact Location,19.25042,72.859546
Mexico,Latin America and the Caribbean,Low income,El Llano Solar project,Neoen - El Llano solar project,Energy,Electricity,Electricity generation and transmission,No,Covid 19 - Gov't suspension,,,,May,2019,https://www.astrisfinance.com/news//march-2019-astris-closes-two-solar-pv-deals-in-mexico-and-argentina-with-neoen,delayed,operation (pre-operation test suspended),Greenfield ,http://taiyangnews.info/markets/neoen-mexico-pv-project-off-line,N/A,N/A,City,22.009421,-102.40434
Jamaica,Latin America and the Caribbean,Upper middle income,Norman Manley International Airport (NMIA),N/A,Transport,Airports,Terminal,No,Covid 19,,,,June,2019,http://dbankjm.com/completed-transactions-2/norman-manley-international-airport-nmia/,delayed,operation,Brownfield ,https://jis.gov.jm/new-airport-development-projects/,N/A,N/A,Exact Location,17.937504,-76.779841
Mexico,Latin America and the Caribbean,Low income,252MW Gunaa Sicarú wind farm,N/A,Energy,Electricity,Electricity generation and transmission,No,Gov't Regulatory Changes,,,,July,N/A,N/A,delayed,construction,Greenfield ,https://www.latinfinance.com/daily-briefs/2020/4/16/edf-faces-uncertainty-with-wind-project-in-mexico,N/A,N/A,City,17.329403,-96.697308
Philippines,East Asia and Pacific,Low income,Binondo-Intramuros Bridge,N/A,Transport,Roads,Highway,No,Non-availability of labourers due to Lockdown measure,,,,May,N/A,N/A,delayed,construction,Greenfield ,https://www.philstar.com/headlines/2020/05/17/2014564/dpwh-resumes-work-ncr-flagship-projects,Resumed,https://www.topgear.com.ph/news/motoring-news/dpwh-estrella-pantaleon-binondo-intramuros-bridge-project-a962-20200727,Exact Location,14.59838,120.971275
India,South Asia,High income,Elevated Railway Line on the Rohtak – Gohana stretch,Rohtak-Gohana Railway line,Transport,Railways,Local Passenger/Light rail,No,Non-availability of labourers due to Lockdown measure,,,,July,N/A,N/A,delayed,construction,Greenfield ,https://www.tribuneindia.com/news/haryana/nations-first-elevated-railway-track-project-misses-deadline-for-third-time-108929,N/A,N/A,City,28.909957,76.566551
India,South Asia,High income,200 megawatts (MW) ACME Solar,N/A,Energy,Electricity,Electricity generation,No,"land acquisition delays, the coronavirus outbreak (force majeure) ",,,,May,N/A,N/A,canceled,commission,Greenfield ,https://www.reuters.com/article/india-solar/citing-covid-uncertainty-indias-acme-solar-cancels-deal-to-supply-power-at-record-low-tariff-idUSL4N2D22TL,N/A,N/A,City,26.518326,73.774026
Philippines,East Asia and Pacific,Low income,NLEX Harbor Link Project,R10 section' segment,Transport,Roads,Highway,No,Non-availability of labourers due to Lockdown measure,,,,May,N/A,N/A,delayed,construction,Greenfield ,https://ppp.gov.ph/in_the_news/mptc-to-resume-work-on-major-projects/,Resumed,https://ppp.gov.ph/in_the_news/mptc-to-resume-work-on-major-projects/,City,14.660267,120.945247
Philippines,East Asia and Pacific,Low income,Cebu Cordova Link Expressway.,CCLEX project,Transport,Roads,Highway,No,Non-availability of labourers due to Lockdown measure,,,,May,2019,https://cebudailynews.inquirer.net/216052/cclec-6-banks-ink-p19b-loan-for-third-bridge,delayed,construction,Greenfield ,https://ppp.gov.ph/in_the_news/mptc-to-resume-work-on-major-projects/,Resumed,https://ppp.gov.ph/in_the_news/mptc-to-resume-work-on-major-projects/,City,10.299892,123.910837
Philippines,East Asia and Pacific,Low income,Cavite-Laguna Expressway ,CALAX project,Transport,Roads,Highway,No,Non-availability of labourers due to Lockdown measure,,,,May,2019,https://pia.gov.ph/news/articles/1016837,delayed,construction,Greenfield ,https://ppp.gov.ph/in_the_news/mptc-to-resume-work-on-major-projects/,Resumed,https://manilastandard.net/business/corporate/325095/mptc-resumes-construction-of-cavite-laguna-expressway.html,City,14.40685,120.955974
Philippines,East Asia and Pacific,Low income,North Luzon Expressway (NLEX) Connector,NLEX–SLEX Connector Road Project,Transport,Roads,Highway,No,Non-availability of labourers due to Lockdown measure,,,,May,N/A,N/A,delayed,construction,Greenfield ,https://ppp.gov.ph/in_the_news/mptc-to-resume-work-on-major-projects/,Resumed,https://www.gmanetwork.com/news/money/companies/739052/nlex-corp-resumes-works-on-major-infra-projects/story/,City,14.755529,121.045795
Philippines,East Asia and Pacific,Low income,Subic Freeport Expressway (SFEx),Subic–Tipo Expressway / NLEx Segment 7,Transport,Roads,Highway,No,Non-availability of labourers due to Lockdown measure,,,,May,N/A,N/A,delayed,construction,Expansion,https://www.autodeal.com.ph/articles/car-news-philippines/subic-freeport-expressway-expansion-project-now-50-complete,Resumed,https://www.autodeal.com.ph/articles/car-news-philippines/subic-freeport-expressway-expansion-project-now-50-complete,City,14.820388,120.303258
Malaysia,East Asia and Pacific,Upper middle income,Penang Airport Expansion Project,N/A,Transport,Airports,Terminal,No,Covid 19,,,,May,                 N/A,N/A,delayed,construction,Expansion,https://www.dfnionline.com/latest-news/penang-international-airport-expansion-project-may-postponed-due-covid-19-29-05-2020/,N/A,N/A,Exact Location,5.292874,100.273018
Malaysia,East Asia and Pacific,Upper middle income,Rapid Transit System(RTS) Link,Light Rail Transit (LRT) system,Transport,Railways,Local Passenger/Light rail,Yes,New government to review the deal ,,,,May,N/A,N/A,delayed,planning,Greenfield,https://www.nst.com.my/news/nation/2020/07/612747/malaysia-singapore-prime-ministers-officially-launch-rts-project,Resumed,https://www.nst.com.my/news/nation/2020/07/612747/malaysia-singapore-prime-ministers-officially-launch-rts-project,City,1.466776,103.763545
Malaysia,East Asia and Pacific,Upper middle income,Kuala Lumpur–Singapore high-speed rail,N/A,Transport,Railways,Local Passenger/Light rail,Yes,N/A,,,,May,                 N/A,N/A,delayed,planning,Greenfield,https://www.wionews.com/world/malaysia-singapore-defer-high-speed-rail-project-until-year-end-302147,N/A,N/A,City,3.396588,101.452147
Mexico,Latin America and the Caribbean,Low income,25 MW Los Humeros III Phase B geothermal unit,N/A,Energy,Electricity,Electricity generation,No,Gov't Budget Reallocation / Regulatory Changes,,,,July,N/A,,Canceled,procurement process,Greenfield,https://ijglobal.com/articles/148791/mexico-cancels-ccgt-tenders,N/A,N/A,Exact Location,19.684482,-97.449669
Russian Federation,Europe and Central Asia,Low income,Sheremetyevo Airport Terminal C Stage 2,Sheremetyevo Airport Terminal C2,Transport,Airports,Runway and terminal,No,Lower Demand Projection,,,,July,N/A,,delayed,N/A,Expansion,https://www.intellinews.com/index.php/moscow-s-sheremetyevo-airport-postpones-new-terminal-on-covid-19-187750/?source=russia,N/A,N/A,Exact Location,55.978835,37.411816
Serbia,Europe and Central Asia,Low income,Kolubara B Thermal Plant,N/A,Energy,Electricity,Electricity generation,No,Due to spread of COVID-19,,,,July,2019,https://serbia-energy.eu/the-construction-project-of-the-kolubara-b-tpp-serbia-on-hold-for-36-years-here-is-what-the-spatial-plan-development-study-envisages/,delayed,spatial plan public debate postponed,Brownfield,https://serbia-energy.eu/serbia-tpp-kolubara-b-spatial-plan-public-debate-postponed/,N/A,N/A,City,44.415151,20.218151
Gabon,Sub-Saharan Africa,High income,Transgabonaise Highway,N/A,Transport,Roads,Highway and tunnel,No,Coronavirus Pandemic,,,,July,2019,https://cemac-eco.finance/framework-for-transgabonaise-highway-outlined-project-to-commence-soon/,delayed,construction starting date delayed,Greenfield,https://www.worldhighways.com/wh10/news/gabon-highway-work-starting,Resumed,https://www.globalconstructionreview.com/news/gabon-begins-work-1bn-transgabonaise-motorway/,City,0.415975,9.466867
Vietnam,East Asia and Pacific,Low income,Duyen Hai-2 power station,Duyen Hai 2 Thermal Power Plant,Energy,Electricity,Electricity generation,No,foreign workers not allowed to enter due to Covid-19,,,,May,2017,https://ppi.worldbank.org/en/snapshots/project/Duyen-Hai-2-Thermal-Power-Plant-9304,delayed,N/A,Greenfield,baodauthau.vn/dau-tu/covid19-tac-dong-toi-tien-do-nhieu-du-an-dien-128323.html,N/A,N/A,City,10.381743,106.88299
Bangladesh,South Asia,High income,Ramu-Gundum (Myanmar) project,Bangladesh-Myanmar Railway Construction Project / Railway Track from Dohazari to Cox’s Bazar via Ramu and Ramu to Gundum near Myanmar,Transport,Railways,Local Passenger/Light rail,Yes,Non-availability of labourers due to Lockdown measure,,,,August,2016,https://railway.portal.gov.bd/sites/default/files/files/railway.portal.gov.bd/tenders/5e57d52f_642d_46c5_9340_ba027c7350a5/Signed%20tender%20notice%20CPTU%20format.pdf,delayed,construction,Greenfield,https://www.newagebd.net/article/112937/bangladesh-myanmar-railway-project-goes-slow,N/A,N/A,City,21.443361,92.099375
India,South Asia,High income,Indira Gandhi International Airport Expansion project,N/A,Transport,Airports,Runway and terminal,No,Non-availability of labourers due to Lockdown measure,,,,August,2019,https://www.business-standard.com/article/pti-stories/gmr-to-raise-usd-350-million-via-bonds-for-delhi-airport-119050700192_1.html,delayed,N/A,Brownfield,https://timesofindia.indiatimes.com/city/delhi/terminal-delay-covid-19-latest-of-setbacks-in-igis-expansion-plans/articleshow/77339324.cms,N/A,N/A,Exact Location,28.556049,77.099851
Turkey,Europe and Central Asia,Low income,Hunutlu thermal power plant,N/A,Energy,Electricity,Electricity generation,No,travel limit and shipping disruption,,,,April,2019,http://www.shanghaipower.com/power/conpanynews/201907/t20190730_34297.html,delayed,"There have been some voices in the West claiming Belt and Road Initiative (BRI) projects have been halted as they involve a high proportion of Chinese employees, (...) (but) no report has shown that any BRI project has been postponed due to Chinese employees contracting the coronavirus. ",Greenfield,https://www.globaltimes.cn/content/1184539.shtml,Resumed,http://www.chinadaily.com.cn/a/202008/11/WS5f324af4a31083481725fa16.html,City,37.072724,35.334773
India,South Asia,High income,100MW Solar power project at Tamil Nadu,N/A,Energy,Electricity,Electricity generation,No,travel limit and shipping disruption,,,,February,N/A,,delayed,construction,Greenfield,https://energy.economictimes.indiatimes.com/news/renewable/india-may-give-reprieve-to-solar-projects-delayed-by-coronavirus-fallout/74200647,N/A,N/A,City,8.825012,77.567439
Bangladesh,South Asia,High income,Khulna-Mongla railway project,N/A,Transport,Railways,Local Passenger/Light rail,No,"delays in land acquisition, change of consultant in the middle of work, repeated failure in piling, and base grounding alongside the pandemic and rains",,,,August,N/A,,delayed,construction,Greenfield,https://www.dhakatribune.com/bangladesh/nation/2020/08/13/covid-19-persistent-rainfall-continue-to-hinder-much-delayed-khulna-mongla-railway-project,N/A,N/A,City,22.868019,89.532488
Ghana,Sub-Saharan Africa,High income,Tema-Akosombo Railways,N/A,Transport,Railways,Local Passenger/Light rail,No,Non-availability of labourers due to Lockdown measure,,,,April,2017,https://www.tagmydeals.com/Deals/DealData/7352,delayed,delay in construction,Greenfield,https://www.projectstoday.com/News/Work-on-Tema-Akosombo-railway-project-70-percent-complete,Resumed,https://www.ghanaweb.com/GhanaHomePage/business/Tema-Akosombo-railway-project-progresses-despite-coronavirus-pandemic-1034311,City,5.733664,0.029206
Myanmar,East Asia and Pacific,Low income,Yangon Elevated Expressway,N/A,Transport,Roads,Local Passenger/Light rail,No,Tender Delayed,,,,May,N/A,,Delayed,delay in tender,Greenfield,https://thailand-construction.com/myanmars-yangon-elevated-expressway-project-delayed-for-two-months-due-to-covid-19/,N/A,N/A,City,16.953271,96.141689
Bosnia and Herzegovina,Europe and Central Asia,High income,Bihac Airport,N/A,Transport,Airports,Other,No,Gov't Budget Reallocation / Regulatory Changes,,,,August,N/A,,delayed,construction,Greenfield,http://www.sarajevotimes.com/166286-2/,N/A,N/A,Exact Location,44.810907,15.902483
Bosnia and Herzegovina,Europe and Central Asia,High income,Banja Luka-Prijedor motorway PPP,N/A,Transport,Roads,Highway and tunnel,No,N/A,,,,August,N/A,,delayed,delay in financial closure,Greenfield,https://ijglobal.com/articles/149170/bosnia-and-herzegovina-road-ppp-fc-delayed,N/A,N/A,City,44.776621,17.200671
Mexico,Latin America and the Caribbean,Low income,General Francisco Javier Mina International Airport (Tampico Airport),N/A,Transport,Airports,Other,No,stopped the investment plans for airports,,,,September,N/A,,delayed,investment delayed,brownfield,https://mexico-now.com/covid-19-stopped-investment-in-the-tampico-international-airport/,N/A,N/A,Exact Location,22.291539,-97.864768
Mongolia,East Asia and Pacific,Low income,Mongolia-China coal railway,Haoji Railway,Transport,Railways,Freight,Yes,travel limit and shipping disruption,,,,September,2016,https://www.bloomberg.com/news/articles/2016-02-23/mongolia-seeks-1-3-billion-from-china-to-complete-coal-railway,Delayed,delay in Commisioning,greenfield,http://www.sxcoal.com/news/4615926/info/en,N/A,N/A,City,43.660859,105.42386
Nigeria,Sub-Saharan Africa,Low income,Second Niger bridge,N/A,Transport,Roads,Other,No,travel limit and shipping disruption,,,,September,2018,https://punchng.com/2nd-niger-bridge-fg-investors-talks-collapse-govt-bears-n250bn-cost/,delayed,Delay in Construction,greenfield,https://www.sunnewsonline.com/2nd-niger-bridge-covid-19-disrupts-completion-date/,N/A,N/A,Exact Location,6.119681,6.755438
India,South Asia,High income,Mumbai Coastal Tunnel Work,N/A,Transport,Roads,Highway and tunnel,No,travel limit and shipping disruption,,,,September,2018,https://www.thehindu.com/news/cities/mumbai/coastal-road-contractors-finalised-at-high-rates/article25010651.ece,delayed,Delay in Construction,greenfield,https://www.universalpersonality.com/tensions-with-china-covid-hit-mumbai-coastal-tunnel-work-mumbai-news-times-of-india/,N/A,N/A,City,18.957138,72.798884
Nepal,South Asia,Low income,68km Jayanagar-Bardibas railway project,Jayanagar-Janakpur-Bardibas railway,Transport,Railways,Local Passenger/Light rail,Yes,travel limit and shipping disruption,,,,August,N/A,,delayed,Delay in Construction,greenfield,https://timesofindia.indiatimes.com/city/patna/covid-19-pandemic-brake-on-india-nepal-rly-project-work/articleshow/77708708.cms,N/A,N/A,City,26.986953,85.894995
India,South Asia,High income,Ahmedabad-Mumbai high-speed rail corridor,N/A,Transport,Railways,Local Passenger/Light rail,No,Tender Delayed,,,,September,N/A,,delayed,Delay in Tender,greenfield,https://thewire.in/government/ahmedabad-mumbai-bullet-train-project-may-face-five-year-delay,N/A,N/A,City,23.026785,72.600818
Myanmar,East Asia and Pacific,Low income,Dala bridge,Yangon-Dala bridge,Transport,Roads,Other,No,Non-availability of labourers due to Lockdown measure,,,,September,2020,http://myanmarcs.focuscoregroup.com/loan-approved-for-construction-of-yangon-dala-bridge/,delayed,Delay in Construction,greenfield,https://consult-myanmar.com/2020/09/18/dala-bridge-construction-suspended-over-covid-19-cases/,N/A,N/A,Exact Location,16.839768,96.206584
Nepal,South Asia,Low income,Solu corridor transmission line,N/A,Energy,Electricity,Electricity transmission,No,travel limit and shipping disruption,,,,September,N/A,,delayed,Delay in Construction,greenfield,https://kathmandupost.com/money/2020/09/14/solu-corridor-transmission-line-project-deadline-extended-for-the-fourth-time,Resumed,https://myrepublica.nagariknetwork.com/news/solu-corridor-transmission-line-project-to-resume-work/,City,27.444927,86.575018